ds,yhat,yhat_lower,yhat_upper,RSI,SMA_50,SMA_100,Middle_Band,Upper_Band,Lower_Band,EMA_12,EMA_26,MACD,Signal_Line,Daily Return,Excess_Return,Sharpe_Ratio,Cumulative_Max,Max_Drawdown,Rolling_Volatility
2025-05-18,96020.4374133882,94970.15807136011,97096.91569951446,52.05370372005166,96044.77111799215,96070.55031851999,96024.64903048759,96086.40474635035,95962.89331462483,96022.47207789515,96033.1041105191,-10.63203262395109,-13.239631487342752,2.965997640647089e-05,-1.0022563276068793e-05,-0.06135089483156295,96266.46231534406,-0.0025556657639495954,0.00050112796875466
2025-05-19,96098.10830583864,95065.58126948342,97141.89890275749,53.435886947226756,96045.63796609554,96070.8302026453,96026.78764836717,96095.57948476016,95957.99581197418,96034.10842065568,96037.91923609831,-3.8108154426299734,-11.353868278400197,0.0008088995899493412,0.0007692170502668016,-0.06135089483156295,96266.46231534406,-0.0017488334509887283,0.0005199487975222307
2025-05-20,96063.7238449029,95027.21095464636,97095.76423054303,54.976624041613526,96044.7299731423,96070.92816753864,96025.23704133835,96088.77770057661,95961.69638210008,96038.66463977064,96039.83068860236,-1.1660488317284035,-9.31630438906584,-0.0003578058043173238,-0.00039748834399986347,-0.06135089483156295,96266.46231534406,-0.0021060135125465416,0.0005089112314641926
2025-05-21,96120.88918953131,95108.79099887448,97254.0997447392,56.16795244378835,96046.10181118741,96071.02853167025,96029.91464975142,96106.53407310577,95953.29522639707,96051.31457050305,96045.83502200451,5.479548498537042,-6.357133811545264,0.0005950773334657544,0.0005553947937832148,-0.06135089483156295,96266.46231534406,-0.0015121894199860483,0.0005175694941523349
2025-05-22,96071.43154277244,94970.2495430657,97140.39356420364,57.55382909236244,96045.76316427164,96071.19758157292,96030.92758068598,96109.2471201772,95952.60804119476,96054.40948931372,96047.73106057991,6.678428733808687,-3.750021302474474,-0.0005145358847165049,-0.0005542184243990445,-0.06135089483156295,96266.46231534406,-0.002025947228981534,0.0005091535007291137
2025-05-23,96112.87895793856,95054.32382941338,97141.76233112896,58.44740486385071,96047.62905883485,96071.43533786082,96036.01557005227,96121.78412786887,95950.24701223568,96063.40479217909,96052.55683075463,10.847961424457026,-0.8304247570881742,0.0004314228954491739,0.0003917403557666342,-0.06135089483156295,96266.46231534406,-0.0015953983735519453,0.0005114803054304953
2025-05-24,96089.60246495513,95068.50776587156,97167.40248760572,59.47718443528404,96048.54367489576,96072.16149631752,96040.6387261779,96127.54446937515,95953.73298298065,96067.43520337541,96055.30095180652,12.13425156888843,1.762510508107147,-0.00024217870940712594,-0.0002818612490896656,-0.06135089483156295,96266.46231534406,-0.0018371907114399808,0.0005109453552715039
2025-05-25,96091.07701039308,95140.73206690284,97172.6012854276,60.22337268766925,96050.24672194566,96072.70933775954,96042.29391834435,96131.81149486575,95952.77634182296,96071.07240445506,96057.95103022034,13.121374234717223,4.034283253429162,1.534552542770129e-05,-2.4337014254838393e-05,-0.06135089483156295,96266.46231534406,-0.0018218733786691057,0.0005113359991015088
2025-05-26,96165.58354829866,95134.70042495592,97160.3103969941,60.56058960841066,96053.64879547195,96074.44538956427,96050.21208073433,96153.60694131884,95946.81722014982,96085.61258043098,96065.92380933726,19.688771093729883,7.165180821489307,0.0007753741577640749,0.0007356916180815353,-0.06135089483156295,96266.46231534406,-0.0010479118544415933,0.0005037468066018127
2025-05-27,96126.30608882997,95044.86199313344,97168.0543626776,60.7664539963377,96054.95475536094,96075.9676008849,96054.07957569355,96162.91980832651,95945.2393430606,96091.87312018467,96070.39657078116,21.476549403509125,10.02745453789327,-0.0004084357211742162,-0.0004481182608567559,-0.06135089483156295,96266.46231534406,-0.0014559195709818533,0.0005117223614167013
2025-05-28,96176.95967482084,95027.3244026915,97287.84950579343,60.69264127777342,96058.17780757954,96077.42292587225,96063.65469760745,96180.47779038214,95946.83160483275,96104.96335935946,96078.29013404336,26.673225316102616,13.35660869353514,0.0005269482210630283,0.0004872656813804886,-0.06135089483156295,96266.46231534406,-0.00092973854414669,0.0005011230385747077
2025-05-29,96119.52617260718,95106.19243415412,97207.70726711804,60.25904189886576,96059.29578677706,96078.84143605806,96068.89766563987,96185.87566697113,95951.91966430862,96107.20379216681,96081.34465541846,25.859136748345918,15.857114304497298,-0.0005971648761600168,-0.0006368474158425564,-0.06135089483156295,96266.46231534406,-0.001526348213104175,0.0005182365900259895
2025-05-30,96151.729129956,95149.21108523848,97227.38928758874,59.76399133705559,96062.20222378217,96080.18903210526,96077.41784690382,96192.34445882647,95962.49123498116,96114.05384413438,96086.55832019902,27.495523935358506,18.18479623066954,0.00033503033807091853,0.00029534779838837885,-0.06135089483156295,96266.46231534406,-0.0011918292479911046,0.00050826727159436
2025-05-31,96118.17084225436,95070.83540353022,97132.79382338552,58.7407737137607,96063.73061984552,96081.85428418481,96084.56531762859,96190.13003551532,95979.00059974185,96114.68722846053,96088.89998849941,25.787239961122395,19.70528497676011,-0.0003490138763525552,-0.0003886964160350949,-0.06135089483156295,96266.46231534406,-0.0015404271593978203,0.0005202408447548363
2025-06-01,96108.58725880878,95050.0913387278,97185.31803300204,57.57180458862883,96065.62100050414,96083.14317091246,96087.75051998107,96192.11127560984,95983.3897643523,96113.74877159104,96090.35830481863,23.390466772412765,20.442321335890643,-9.970626117417059e-05,-0.00013938880085671027,-0.06135089483156295,96266.46231534406,-0.0016399798303392947,0.0005230545982471804
2025-06-02,96171.5432307984,95036.50018878483,97223.37078627014,56.471431028709375,96068.7951616106,96085.39947772573,96096.14419441865,96199.02441143678,95993.26397740052,96122.6402268537,96096.37200303935,26.26822381436068,21.60750183158465,0.0006550504360249843,0.0006153678963424446,-0.06135089483156295,96266.46231534406,-0.0009860036638173226,0.0004955849607712718
2025-06-03,96120.52209379851,94971.69460085618,97153.84080271873,54.86274330551413,96069.47965316822,96087.20359706877,96099.40065855997,96200.96435499191,95997.83696212803,96122.31436022982,96098.16089865114,24.153461578680435,22.116693781003807,-0.0005305221824032369,-0.0005702047220857765,-0.06135089483156295,96266.46231534406,-0.0015160027494049376,0.0005145092883929764
2025-06-04,96159.54575723472,95037.90038127548,97188.9904606652,53.415658837280546,96071.71919437642,96088.69060792698,96107.27546057422,96201.19267269922,96013.35824844922,96128.04226746135,96102.70792521289,25.334342248461326,22.760223474495312,0.00040598680267400766,0.000366304262991468,-0.06135089483156295,96266.46231534406,-0.0011106314238401036,0.00049519816417481
2025-06-05,96090.9024000856,95046.14516322188,97057.5547130518,51.664009445646094,96071.53203678837,96089.88474241552,96109.75572305806,96198.83169139382,96020.6797547223,96122.32844171123,96101.83344187013,20.49499984110298,22.307178747816845,-0.0007138486003502864,-0.000753531140032826,-0.06135089483156295,96266.46231534406,-0.0018236872015029795,0.0005190285883427011
2025-06-06,96112.61324357754,94987.22482419224,97179.2205196886,49.97649884525865,96072.85988551949,96090.75229986385,96114.50690853954,96192.3070470591,96036.70677001997,96120.8337958445,96102.63194570031,18.201850144192576,21.486113027091992,0.00022594067648085137,0.00018625813679831168,-0.06135089483156295,96266.46231534406,-0.001598158570142076,0.0005073115530589629
2025-06-07,96069.56175887748,94968.1859169784,97184.97803533678,48.2874028655948,96072.59083228596,96091.6885318438,96116.96312581401,96184.71100031793,96049.2152513101,96112.94579015728,96100.18230223194,12.763487925330992,19.741588006739793,-0.00044792752217603926,-0.00048761006185857894,-0.06135089483156295,96266.46231534406,-0.002045370233109746,0.0005180321052709097
2025-06-08,96051.7411515789,94922.80299882592,97116.30601761884,46.72987629929489,96072.52441015099,96092.01226637115,96114.64476810102,96188.04681154188,96041.24272466016,96103.52969191446,96096.59406885025,6.935623064215179,17.180395018234872,-0.0001854969146555252,-0.00022517945433806488,-0.06135089483156295,96266.46231534406,-0.0022304877378976746,0.0005198045925566116
2025-06-09,96107.94282186372,95095.29306749298,97211.87316946404,45.057712290083145,96073.64522356223,96093.08603461603,96116.85571694905,96186.36004423426,96047.35138966385,96104.20863498357,96097.43471722162,6.773917761951452,15.09909956697819,0.0005851187038465877,0.0005454361641640481,-0.06135089483156295,96266.46231534406,-0.0016466741341452336,0.0005036450888374689
2025-06-10,96051.83997274702,94982.56941848667,97121.12386099774,43.79411281369343,96072.24424326835,96093.51444904135,96113.40325610984,96188.68369049409,96038.1228217256,96096.15191771642,96094.05732874203,2.0945889743888984,12.498197448460333,-0.0005837483091348794,-0.000623430848817419,-0.06135089483156295,96266.46231534406,-0.0022294612000386075,0.0005116648513317643
2025-06-11,96087.6026955917,95001.68363881836,97182.9566086736,42.36359954113231,96072.43050515842,96093.4617209903,96114.21181375081,96187.92520173504,96040.49842576658,96094.83665277416,96093.57920776792,1.257445006238413,10.250046960015949,0.00037232730632563715,0.00033264476664309747,-0.06135089483156295,96266.46231534406,-0.0018579639829960771,0.0005062245400263028
2025-06-12,96017.62176229716,94950.50943606257,97080.67344355134,41.474147574803844,96070.28477601148,96092.98543955707,96109.44895396873,96194.90016112063,96023.99774681684,96082.95743885463,96087.95273032563,-4.99529147100111,7.200979273812536,-0.0007283034577961756,-0.0007679859974787152,-0.06135089483156295,96266.46231534406,-0.0025849142791989723,0.0005091346027468503
2025-06-13,96039.97269484686,95025.74044601,97156.9115106809,40.493151491277935,96069.80784136573,96092.08868959614,96106.96746546333,96197.57242474318,96016.36250618348,96076.34440131497,96084.3986536235,-8.054252308531431,4.149932957343743,0.00023277948505162627,0.00019309694536908658,-0.06135089483156295,96266.46231534406,-0.00235273650916226,0.0005098901452867307
2025-06-14,95999.54353752256,94926.3229999405,97093.91180080066,40.02526558944531,96067.94191252021,96091.20605255313,96102.3907918198,96204.84741007775,95999.93417356184,96064.52888380845,96078.11308946788,-13.584205659426516,0.603105233989691,-0.00042096177445560823,-0.0004606443141381479,-0.06135089483156295,96266.46231534406,-0.0027727078714821912,0.0005069865977505966
2025-06-15,95986.2822066024,94896.96445291936,97031.57638481566,39.77923730887416,96066.53430257372,96089.69728087452,96093.42572473499,96203.6817750534,95983.16967441658,96052.49093346906,96071.31080184822,-18.819868379156105,-3.2814894886394685,-0.0001381395205799496,-0.0001778220602624893,-0.06135089483156295,96266.46231534406,-0.0029104643715260905,0.000506033544393146
2025-06-16,96048.88611451452,94957.3592948079,97088.3541046346,39.74378108394408,96066.60986083966,96088.96643355726,96089.55472601923,96200.38494222547,95978.72450981298,96051.9363459376,96069.64971389757,-17.71336795996467,-6.167865182904509,0.0006522172384735292,0.0006125346987909896,-0.06135089483156295,96266.46231534406,-0.0022601453880876908,0.0005215128653990882
2025-06-17,96000.88820425578,94993.23599983397,97033.07739703452,39.94574125633864,96064.49128575705,96087.65924704522,96080.75115249095,96190.31288109972,95971.18942388218,96044.08278567887,96064.55626873893,-20.47348306006461,-9.02898875833653,-0.0004997237573531876,-0.0005394062970357273,-0.06135089483156295,96266.46231534406,-0.00275873969709543,0.0005090093927149989
2025-06-18,96046.27565325193,94975.8466665566,97062.37738019363,40.58131276392047,96064.31007985715,96085.97965517858,96077.0886265232,96186.08857313663,95968.08867990976,96044.42014992089,96063.20214907323,-18.781999152342905,-10.979590837137806,0.00047278155280783274,0.00043309901312529306,-0.06135089483156295,96266.46231534406,-0.0022872624255253185,0.000524913103424862
2025-06-19,95987.21837469912,95018.42824936433,97074.13299934198,41.238745773027475,96062.15972764156,96084.02260543947,96068.86308876035,96178.97017797104,95958.75599954966,96035.61987680984,96057.57372134182,-21.953844531977666,-13.174441576105778,-0.0006148835876366165,-0.0006545661273191562,-0.06135089483156295,96266.46231534406,-0.002900739613035848,0.0005021510658854144
2025-06-20,96021.53875736044,94902.22397453556,97075.57367048126,42.46482098496275,96062.04376236335,96081.82527381796,96064.03148451567,96173.50718477054,95954.5557842608,96033.4535507407,96054.90446475061,-21.450914009910775,-14.829736062866779,0.0003575515911644622,0.00031786905148192254,-0.06135089483156295,96266.46231534406,-0.002544225185935656,0.0005156920357700427
2025-06-21,95993.84591473694,95012.1389373892,97026.44727855713,43.57218131645361,96060.89722217647,96079.85224486905,96058.29441731206,96169.94323786841,95946.64559675571,96027.36006827859,96050.38160919404,-23.021540915447986,-16.46809703338302,-0.00028840240410510365,-0.00032808494378764333,-0.06135089483156295,96266.46231534406,-0.0028318938293805636,0.0005010532988857724
2025-06-22,95993.79014372584,94947.31722090594,97049.9114911328,44.92730334846136,96060.55064163874,96077.48846843059,96049.40676295843,96150.93884804207,95947.87467787479,96022.19546450124,96046.18964878899,-23.994184287745156,-17.97331448425545,-5.809852764437906e-07,-4.026352495898347e-05,-0.06135089483156295,96266.46231534406,-0.002832473169368355,0.0004978025288817919
2025-06-23,96069.76009955154,94970.5404008015,97043.20099887416,46.769505973657,96062.00305678092,96076.1577985636,96046.86866324607,96143.32662732073,95950.41069917142,96029.51310066284,96047.93560810473,-18.422507441893686,-18.0631530757831,0.0007914048993371559,0.0007517223596546162,-0.06135089483156295,96266.46231534406,-0.0020433099031745687,0.0005294448153113593
2025-06-24,96034.97662238048,94961.33641675128,97043.85216155412,48.519860403964095,96061.54312588723,96074.51990374489,96040.64020650338,96121.24852410615,95960.0318889006,96030.35364246555,96046.97568323626,-16.622040770715103,-17.774930614769502,-0.0003620647864116533,-0.000401747326094193,-0.06135089483156295,96266.46231534406,-0.0024046348790225493,0.0005085847729634373
2025-06-25,96093.11926960704,95064.00544047808,97118.77063012436,50.46590012025573,96063.26110526938,96072.78647328753,96040.75104997944,96121.65592895806,95959.84617100083,96040.009892795,96050.39372667114,-10.38383387614158,-16.296711267043918,0.0006054319922956797,0.00056574945261314,-0.06135089483156295,96266.46231534406,-0.001800658729612394,0.0005289892077537174
2025-06-26,96046.06247745684,95007.49953150352,97198.81210616736,52.49870177964126,96063.20323102563,96071.05387466394,96037.42351167342,96111.02869387316,95963.81832947368,96040.94105966605,96050.072893396,-9.131833729959908,-14.863735759627117,-0.0004896999130412638,-0.0005293824527238034,-0.06135089483156295,96266.46231534406,-0.0022894768602303808,0.0005034865847657813
2025-06-27,96091.3525947248,94983.25769466402,97139.3876614201,54.33915927151373,96065.32113818926,96069.35436746673,96038.51305346578,96114.72041678,95962.30569015157,96048.69668044432,96053.13064904998,-4.4339686056628125,-12.777782328834256,0.000471545798960582,0.00043186325927804234,-0.06135089483156295,96266.46231534406,-0.0018190106544650015,0.000515374012230797
2025-06-28,96073.34887292044,95084.94057055438,97192.01936817924,56.47843044262155,96066.4947794085,96068.14143989733,96039.59343953285,96117.19041128198,95961.99646778373,96052.48932544065,96054.6282952626,-2.1389698219572892,-10.650019827458864,-0.00018736047852596638,-0.00022704301820850606,-0.06135089483156295,96266.46231534406,-0.0020060303222843353,0.0005038395196728591
2025-06-29,96081.4839426613,95000.92777195253,97177.4658963527,58.43243467646798,96068.49794816818,96066.7830745111,96038.27049557274,96111.75418540635,95964.78680573913,96056.95003578228,96056.61760247732,0.33243330496770795,-8.45352920097355,8.467561333391771e-05,4.499307365137803e-05,-0.06135089483156295,96266.46231534406,-0.0019215245707982674,0.0005015095633242306
2025-06-30,96163.96613362154,95063.7461232263,97197.913184454,59.846408532124784,96072.27284228543,96066.68074012203,96043.87680361647,96136.36970417593,95951.38390305701,96073.41405083447,96064.56934552503,8.84470530944236,-4.993882298890369,0.0008584608352786294,0.0008187782955960897,-0.06135089483156295,96266.46231534406,-0.00106471328910764,0.0005166481861061136
2025-07-01,96133.87744852716,95069.83869644464,97216.1414617186,61.73849399644652,96074.05272702081,96066.46688656416,96046.19054126323,96145.3629524559,95947.01813007057,96082.71611201795,96069.70327908074,13.012832937209168,-1.392539251670461,-0.0003128893940643751,-0.0003525719337469148,-0.06135089483156295,96266.46231534406,-0.0013772695456761648,0.0005089584931380152
2025-07-02,96194.8031479044,95143.9258165591,97307.9365369586,62.759992500233835,96077.87539513793,96066.3218516187,96055.0496105436,96173.29726633363,95936.80195475358,96099.9602713851,96078.96993603064,20.99033535446506,3.084035669556643,0.0006337588891061063,0.0005940763494235667,-0.06135089483156295,96266.46231534406,-0.0007443835133873035,0.0005133034768624148
2025-07-03,96148.56980190297,95070.53090338309,97236.18632659756,64.17400726264675,96079.73893495656,96066.30731620739,96060.4794658964,96185.58654398819,95935.3723878046,96107.43866069555,96084.12548165082,23.3131790447369,7.129864344592695,-0.0004806220761255364,-0.000520304615808076,-0.06135089483156295,96266.46231534406,-0.0012246478223632141,0.0005114223929586208
2025-07-04,96192.72301607695,95183.6059247582,97276.55087784704,64.78240574013972,96083.5524009391,96066.4183926072,96070.13843982412,96204.89374503912,95935.38313460912,96120.55933075421,96092.16974346015,28.38958729406295,11.381808934486747,0.0004592186266001441,0.00041953608691760444,-0.06135089483156295,96266.46231534406,-0.0007659915768542272,0.0005101604018044342
2025-07-05,96171.6679114671,95008.75391872946,97204.6226380665,65.53367552285033,96086.15981616027,96067.069888752,96079.40772506736,96215.37458335944,95943.44086677527,96128.42218932543,96098.05849664584,30.363692679587984,15.178185683506996,-0.00021888458866414773,-0.0002585671283466874,-0.06135089483156295,96266.46231534406,-0.000984708501767124,0.0005137688857639144
2025-07-06,96174.92791660814,95163.17371752884,97273.28763429058,65.73523789295183,96089.30658381348,96067.59053129,96085.70981517204,96227.28843206642,95944.13119827767,96135.57691659969,96103.75252775416,31.824388845532667,18.50742631591213,3.3897770641111435e-05,-5.784769041428247e-06,-0.06135089483156295,96266.46231534406,-0.0009508441105489036,0.000515139725263497
2025-07-07,96250.84428713798,95200.37167705574,97329.13988998775,65.7320476183035,96093.91472128847,96069.34291964032,96098.20761931615,96251.87313686904,95944.54210176326,96153.31035822096,96114.64821363444,38.66214458651666,22.538369970033038,0.0007893571866846028,0.0007496746470020631,-0.06135089483156295,96266.46231534406,-0.00016223747949644952,0.0004994781985391228
2025-07-08,96212.67025049769,95133.15199432136,97298.4828807832,65.34707288754274,96096.20596018166,96070.92196313862,96106.52734917843,96266.25250149421,95946.80219686266,96162.44264934046,96121.90910525394,40.533544086516486,26.13740479332973,-0.0003966098887030478,-0.0004362924283855875,-0.06135089483156295,96266.46231534406,-0.000558783023210804,0.0005126546998264238
2025-07-09,96264.19584537591,95099.07278469452,97307.32471974248,64.9464084573272,96100.21540019111,96072.47268666672,96120.37622271228,96284.51447488803,95956.23797053653,96178.09698719207,96132.4488637815,45.648123410574044,30.039548516778595,0.0005355385599845608,0.0004958560203020212,-0.06135089483156295,96266.46231534406,-2.3543713081756218e-05,0.0004972720523170478
2025-07-10,96207.48044771314,95154.00147595492,97294.88426737968,63.868510839767765,96101.94722535474,96074.0245182711,96129.67330722991,96291.284324002,95968.06229045782,96182.61751957992,96138.00675888755,44.61076069236151,32.95379095189518,-0.0005891639894221035,-0.0006288465291046431,-0.06135089483156295,96266.46231534406,-0.0006126938313959538,0.0005196950947542841
2025-07-11,96240.3243443014,95198.4549812208,97328.92470609237,63.078887048751646,96105.32508138534,96075.54412282849,96141.99722870815,96297.47141960515,95986.52303781114,96191.49549261399,96145.58583928859,45.90965332540509,35.544963426597164,0.0003413861004926133,0.0003017035608100736,-0.06135089483156295,96266.46231534406,-0.00027151689606120735,0.0005074161019972914
2025-07-12,96207.40260271034,95162.08201444049,97239.89055767094,61.46875150342378,96107.21555428076,96077.42230655783,96152.67785165735,96293.98682477312,96011.36887854159,96193.94274032112,96150.1648588013,43.77788151981076,37.191547045239886,-0.0003420784563576973,-0.000381760996040237,-0.06135089483156295,96266.46231534406,-0.0006135024723382794,0.0005210897527805225
2025-07-13,96198.5169731073,95046.1260424532,97207.45111444798,59.99973067095356,96109.39384444382,96078.96875966979,96159.11569533515,96296.18734602697,96022.04404464332,96194.64646844206,96153.74649689803,40.89997154402954,37.93323194499782,-9.235910504445943e-05,-0.00013204164472699912,-0.06135089483156295,96266.46231534406,-0.0007058049148434958,0.0005240455100516578
2025-07-14,96262.28842022445,95169.60275072372,97373.46263662518,58.67850524017762,96112.81807264042,96081.53239729306,96170.48128522735,96301.78775423559,96039.1748162191,96205.05292256243,96161.78663936666,43.26628319577139,38.99984219515254,0.000662915075239523,0.0006232325355569833,-0.06135089483156295,96266.46231534406,-4.335772832228989e-05,0.0004950958631405026
2025-07-15,96212.24436523949,95098.87022681402,97250.99732480766,56.68174486904481,96113.75128897924,96083.70004222561,96176.43754000896,96303.71372605376,96049.16135396417,96206.1592983589,96165.52424869058,40.635049668329884,39.326883689788005,-0.0005198718605825547,-0.0005595544002650944,-0.06135089483156295,96266.46231534406,-0.0005632070484419768,0.0005140897071584063
2025-07-16,96252.4368843044,95176.85361486374,97270.72240895306,55.09408829067262,96116.27390488875,96085.61433012485,96186.75626035134,96302.46465461978,96071.0478660829,96213.27892696591,96171.96222169901,41.31670526690141,39.72484800521069,0.0004177484823277844,0.0003780659426452447,-0.06135089483156295,96266.46231534406,-0.00014569384500400694,0.0004951998328424274
2025-07-17,96185.16902279091,95144.4470537131,97172.60343478846,53.11893169578732,96116.43809184813,96087.30794971384,96191.44708175465,96298.12479431297,96084.76936919634,96208.95432632361,96172.94050326137,36.01382306223968,38.98264301661649,-0.0006988691787029877,-0.0007385517183855273,-0.06135089483156295,96266.46231534406,-0.0008444612027691813,0.0005175448295306041
2025-07-18,96208.46073937502,95241.5918867212,97257.69955557043,51.39058899443142,96118.2167831835,96088.75628498028,96198.20267507738,96289.37648824666,96107.0288619081,96208.87838986999,96175.57163186237,33.306758007616736,37.84746601481655,0.0002421549685958091,0.0002024724289132694,-0.06135089483156295,96266.46231534406,-0.0006025107246493074,0.0005068285153736289
2025-07-19,96167.1778637642,95113.903652874,97187.23260655747,49.61695101521181,96118.52575785966,96090.3639908209,96202.48737113252,96277.11946385083,96127.85527841421,96202.46292431526,96174.94987126252,27.51305305273854,35.78058342240095,-0.00042909818215108864,-0.0004687807218336283,-0.06135089483156295,96266.46231534406,-0.0010313503705437314,0.0005162465493093643
2025-07-20,96151.27991736436,94943.7147019933,97217.432295261,48.025156895359316,96119.18793936186,96091.4592796037,96201.85306031966,96278.0626460955,96125.64347454382,96194.58861555358,96173.19654134414,21.392074209448765,32.90288157981052,-0.00016531572156941454,-0.00020499826125195422,-0.06135089483156295,96266.46231534406,-0.0011964955936824267,0.0005177517944354092
2025-07-21,96209.50948487614,95176.23389128808,97205.7808596638,46.44305922323651,96121.20638388321,96093.41369219369,96205.6346621371,96274.82464676663,96136.44467750758,96196.8841339109,96175.88638901316,20.99774489774427,30.52185424339727,0.0006056036649935148,0.0005659211253109752,-0.06135089483156295,96266.46231534406,-0.00059161653080554,0.0005045133945224804
2025-07-22,96155.4772803074,95070.23715209952,97246.52304549952,45.209186204734216,96120.8850648734,96094.84011324201,96203.66836875727,96276.30382686683,96131.0329106477,96190.51384874113,96174.3746031831,16.139245558035327,27.645332506324884,-0.0005616098123567559,-0.0006012923520392955,-0.06135089483156295,96266.46231534406,-0.0011528940855134275,0.0005108101058068942
2025-07-23,96193.27919066449,95078.5999771788,97259.06538558252,43.91981854776584,96122.3402068107,96095.90992998949,96205.90383819534,96274.01011414097,96137.79756224972,96190.9392859601,96175.77494299653,15.16434296357329,25.14913459777457,0.0003931331987141462,0.0003534506590316065,-0.06135089483156295,96266.46231534406,-0.0007602141277389865,0.000506848108408341
2025-07-24,96125.22246519002,95047.11923061876,97231.35484646124,43.0819847014095,96121.6537409698,96096.6864676731,96202.528810651,96279.49858129938,96125.55904000261,96180.82900584163,96172.03031501087,8.798690830764826,21.87904584437262,-0.0007074997967329022,-0.0007471823364154418,-0.06135089483156295,96266.46231534406,-0.0014671760731310498,0.0005085900711323121
2025-07-25,96149.29254567686,95044.53699476186,97171.53455205676,42.22941727520615,96122.82154388166,96097.176790335,96201.41004236149,96280.87842538948,96121.94165933349,96175.97724273935,96170.34603580093,5.631206938414834,18.629478063181065,0.00025040337873405427,0.0002107208390515146,-0.06135089483156295,96266.46231534406,-0.001217140080242977,0.0005094938036121656
2025-07-26,96110.2838766777,95000.81546914692,97096.8583501192,41.795093222676634,96122.77495654365,96097.81742103156,96198.17784036495,96286.90100060364,96109.45468012626,96165.87057103755,96165.896986977,-0.026415939442813396,14.898299262656291,-0.0004057093709829429,-0.0004453919106654826,-0.06135089483156295,96266.46231534406,-0.0016223556460895356,0.0005069526503473212
2025-07-27,96098.05047528824,95001.4345798957,97111.56193328172,41.560004336121985,96123.34473087186,96097.9677815789,96190.53814977247,96286.20806826696,96094.86823127799,96155.43671015304,96160.8713194445,-5.4346092914638575,10.831717551832261,-0.000127285040643077,-0.00016696758032561668,-0.06135089483156295,96266.46231534406,-0.0017494341851282344,0.0005061444465925515
2025-07-28,96161.1988565829,95058.16241969226,97185.68327645784,41.4987622550852,96125.53388497194,96099.02914756145,96187.96458007673,96283.8965540235,96092.03260612997,96156.32319421918,96160.89558145475,-4.572387235573842,7.75089659435104,0.0006571244784085994,0.0006174419387260598,-0.06135089483156295,96266.46231534406,-0.001093459302746084,0.0005179946174306691
2025-07-29,96113.17734695836,95098.3158321114,97119.53398080872,41.640413088892686,96125.63857547381,96099.64189951803,96180.41365515585,96274.84333080522,96085.98397950648,96149.68537156367,96157.360897418,-7.675525854327134,4.6656121046154055,-0.0004993855130296376,-0.0005390680527121773,-0.06135089483156295,96266.46231534406,-0.0015922987580408198,0.0005086342115980433
2025-07-30,96157.89794145602,95072.27320505113,97202.06673500384,42.083006944326655,96127.759734848,96100.00198905818,96177.93452984301,96271.97483717326,96083.89422251277,96150.9488438548,96157.40067845784,-6.451834603038151,2.4421227630846944,0.0004652909801974303,0.00042560844051489063,-0.06135089483156295,96266.46231534406,-0.0011277486600932462,0.0005200169686915581
2025-07-31,96097.46773359942,95060.09456755265,97188.11454993188,42.5705305850785,96127.95703560817,96100.19377038328,96170.7916993079,96266.5644763999,96075.0189222159,96142.7209807386,96152.96120106091,-10.240220322317327,-0.09434585399571005,-0.0006284476798087413,-0.0006681302194912809,-0.06135089483156295,96266.46231534406,-0.0017554876088731687,0.0005040327727996846
2025-08-01,96129.6612657927,95171.34679108894,97277.12434122564,43.42381549787295,96130.19782567809,96100.24130084478,96166.90463246201,96262.73143509819,96071.07782982584,96140.71179382385,96151.23527992994,-10.523486106088967,-2.1801739044143615,0.000335009162598654,0.0002953266229161143,-0.06135089483156295,96266.46231534406,-0.0014210665507083259,0.0005131216508342571
2025-08-02,96099.05698766198,95042.66103694166,97165.9653169116,44.21182846047374,96131.37951153438,96100.59367645005,96161.93163318976,96261.11517902385,96062.74808735566,96134.30336210664,96147.37022124343,-13.066859136786661,-4.3575109508888215,-0.00031836456851852546,-0.00035804710820106514,-0.06135089483156295,96266.46231534406,-0.0017389787019876264,0.0005034059094254238
2025-08-03,96095.29345078777,94987.44187452763,97217.98726803776,45.14271661271819,96133.29450979969,96100.61821115993,96153.58188471792,96245.00609150788,96062.15767792796,96128.30183728835,96143.51268269116,-15.210845402805717,-6.528177841272201,-3.916309891260905e-05,-7.884563859514873e-05,-0.06135089483156295,96266.46231534406,-0.0017780736971053555,0.0005012733865855876
2025-08-04,96166.76768899686,95133.28988588962,97162.07130189864,46.37510611253446,96136.90421944758,96101.71926101064,96151.30805090579,96238.76511278971,96063.85098902187,96134.21966062812,96145.23527575085,-11.015615122727468,-7.425665297563254,0.0007437850038483074,0.0007041024641657677,-0.06135089483156295,96266.46231534406,-0.0010356111978087616,0.0005210042293627153
2025-08-05,96126.72967775074,95116.52695687178,97223.58415035246,47.50266271150569,96138.4610907123,96102.53547577599,96145.0226905781,96218.89091512891,96071.15446602729,96133.06735557006,96143.86449071381,-10.797135143744526,-8.099959266799509,-0.0004163393676243077,-0.00045602190730684736,-0.06135089483156295,96266.46231534406,-0.0014515193997218982,0.0005083054206997098
2025-08-06,96178.90890173134,95187.69850315752,97250.92827204493,48.782059979884025,96142.02150466181,96103.25639520944,96144.70968452512,96217.91168651423,96071.50768253602,96140.11990113334,96146.4603730114,-6.340471878065728,-7.748061789052753,0.0005428170099566199,0.0005031344702740802,-0.06135089483156295,96266.46231534406,-0.0009094902991856295,0.0005203207577001431
2025-08-07,96125.2499471315,95056.84231045174,97194.92956431337,50.00238747271295,96143.6009905394,96103.95553519829,96140.54914491295,96207.70382071506,96073.39446911083,96137.83221590228,96144.88923035364,-7.057014451362193,-7.609852321514642,-0.0005579077077561001,-0.0005975902474386397,-0.06135089483156295,96266.46231534406,-0.001466890595293637,0.0005058962453892719
2025-08-08,96163.38837224852,95172.10751364018,97281.49025424127,51.19534571252678,96147.1243904904,96104.64205906595,96140.35967033716,96207.21873406983,96073.50060660449,96141.76393226323,96146.25953716066,-4.495604897427256,-6.987002836697165,0.00039675761715063373,0.00035707507746809405,-0.06135089483156295,96266.46231534406,-0.0010707149781603073,0.0005123659863115081
2025-08-09,96137.78996904907,95057.52432015084,97192.97352555308,52.38684168406966,96149.44941472416,96105.74658854377,96139.68517292141,96206.35228159465,96073.01806424817,96141.1525533072,96145.63216174499,-4.479608437788556,-6.485523956915444,-0.0002661969761335037,-0.00030587951581604336,-0.06135089483156295,96266.46231534406,-0.0013366269332043298,0.0005064564959071919
2025-08-10,96138.00899069571,95130.94492400116,97207.75968529496,53.54123916601163,96152.33267624333,96106.6149492099,96136.11014821238,96194.1176795982,96078.10261682655,96140.66892829005,96145.067482408,-4.3985541179572465,-6.068129989123805,2.278205549766099e-06,-3.740433413277358e-05,-0.06135089483156295,96266.46231534406,-0.0013343517727655557,0.0005053768586063801
2025-08-11,96212.38776289728,95197.07011757922,97323.10223931634,54.447970276269054,96156.70462862676,96108.62763513274,96138.95567234188,96205.86393413688,96072.04741054687,96151.7025951527,96150.05416985166,1.6484253010421526,-4.524818931090613,0.0007736666588213925,0.0007339841191388529,-0.06135089483156295,96266.46231534406,-0.0005617174574219226,0.0005121604777503351
2025-08-12,96174.15156373248,95133.49622238176,97272.06522353154,55.38990597892563,96158.79245791039,96110.39775734564,96137.99929099527,96202.12714261794,96073.8714393726,96155.15628262651,96151.83916199098,3.317120635532774,-2.9564310177659356,-0.0003974145123498696,-0.00043709705203240926,-0.06135089483156295,96266.46231534406,-0.0009589087351023555,0.000509219993384504
2025-08-13,96227.03481423424,95152.47149555954,97325.89018599415,56.02451621836768,96162.63362174746,96112.08837381736,96143.0899084475,96218.17526455031,96068.00455234468,96166.21451825846,96157.4092103053,8.805307953167357,-0.604083223579277,0.0005498696857930696,0.00051018714611053,-0.06135089483156295,96266.46231534406,-0.0004095663241541722,0.0005103158880977488
2025-08-14,96173.01553048372,95154.0758922891,97245.7199387422,56.65754112869529,96164.231546965,96113.7463261172,96144.27605768782,96220.51464713662,96068.03746823902,96167.26082783157,96158.56523402222,8.695593809359707,1.2558521830085199,-0.0005613732549776262,-0.0006010557946601659,-0.06135089483156295,96266.46231534406,-0.000970709659551325,0.000511029542519181
2025-08-15,96209.7893446404,95160.9481976114,97262.99538262216,57.00462624640016,96167.50608430867,96115.35465766715,96149.25133108595,96229.05370206409,96069.44896010781,96173.80367657139,96162.35961258653,11.444063984861714,3.2934945433791585,0.0003823714370796427,0.00034268889739710304,-0.06135089483156295,96266.46231534406,-0.0005887093941191219,0.0005095282385282766
2025-08-16,96181.9062788946,95114.83712358167,97255.76209322838,57.27713090227871,96169.31715799205,96117.31914809067,96153.44412126628,96230.69043360515,96076.1978089274,96175.05023077497,96163.80751379453,11.24271698044322,4.883339030791971,-0.0002898152665724574,-0.00032949780625499706,-0.06135089483156295,96266.46231534406,-0.0008783540437216418,0.0005121892890297235
2025-08-17,96179.02593371604,95112.88965077272,97068.81839775892,57.36613540045792,96171.43069920797,96118.96273930822,96154.33547512293,96232.36599362182,96076.30495662405,96175.6618773813,96164.93480415909,10.727073222209583,6.052085869075494,-2.994685060841995e-05,-6.962939029095963e-05,-0.06135089483156295,96266.46231534406,-0.0009082745903927041,0.0005129980398103191
2025-08-18,96249.61360684477,95193.63536898712,97288.22061309124,57.299528532043,96174.79329249164,96121.64562032992,96161.15728811726,96247.45518935606,96074.85938687847,96187.03906652953,96171.20730806174,15.83175846778613,8.008020388817622,0.0007339196092230882,0.0006942370695405486,-0.06135089483156295,96266.46231534406,-0.00017502158170208578,0.0005039357336104573
2025-08-19,96207.03133540678,95076.4635110698,97283.92459150156,57.04377392525034,96175.65459652735,96123.96371940638,96163.61395781478,96252.28592241711,96074.94199321246,96190.11480020295,96173.86093971693,16.253860486016492,9.657188408257397,-0.0004424149858089921,-0.00048209752549153176,-0.06135089483156295,96266.46231534406,-0.000617359135340461,0.0005109132991306823
2025-08-20,96255.16001703303,95230.38638187056,97301.64150627312,56.736343181000144,96178.08024789745,96126.06648745913,96171.49857198648,96263.39086863781,96079.60627533514,96200.12175663834,96179.8830935922,20.238663046140573,11.773483335834033,0.0005002615812816913,0.0004605790415991516,-0.06135089483156295,96266.46231534406,-0.00011740639511613388,0.0005030910916885258
2025-08-21,96196.1296768888,95205.18451831125,97293.69475434785,56.20294272726938,96178.10677847717,96127.99108680755,96174.82199254128,96265.13763905985,96084.50634602272,96199.50759052302,96181.08654420677,18.421046316245338,13.102995931916295,-0.0006132693575470194,-0.000652951897229559,-0.06135089483156295,96266.46231534406,-0.0007306037509186974,0.0005137319320250693
2025-08-22,96227.78930342842,95089.4174068148,97298.53078846076,55.700602436949445,96179.69116850765,96129.71505173211,96181.2586083296,96267.0759794468,96095.4412372124,96203.85862327769,96184.54600785283,19.31261542486027,14.344919830505091,0.000329115387967871,0.0002894328482853313,-0.06135089483156295,96266.46231534406,-0.000401728815887708,0.000508083902687645
2025-08-23,96194.83954833944,95178.47648142904,97274.81057681842,54.985002873868396,96179.73349915292,96131.642950046,96186.23591320719,96262.02080681987,96110.4510195945,96202.47107328719,96185.30849233332,17.16258095386729,14.908452055177532,-0.00034241413345870164,-0.0003820966731412413,-0.06135089483156295,96266.46231534406,-0.0007440053917220236,0.0005139030204839846
2025-08-24,96187.08405660804,95132.09349631716,97164.49530224774,54.232443891903976,96180.04182205573,96133.100819108,96187.25173158775,96262.48048145058,96112.02298172492,96200.10383995193,96185.44001561293,14.66382433900435,14.859526511942896,-8.062274200792974e-05,-0.00012030528169046942,-0.06135089483156295,96266.46231534406,-0.0008245681499751767,0.000515068363598251
2025-08-25,96253.1220381626,95235.6073132373,97321.80145654969,53.56437877719735,96181.60570448682,96135.45614415014,96193.57134960833,96268.62811363925,96118.51458557742,96208.2604858305,96190.45349876476,17.806987065734575,15.449018622701233,0.0006865576828973818,0.0006468751432148422,-0.06135089483156295,96266.46231534406,-0.00013857658067623567,0.0005042023396602766
2025-08-26,96206.43615655844,95158.86726207651,97327.7360206182,52.78383869581258,96180.71754187523,96137.31613158184,96194.9477123497,96269.88184211779,96120.01358258163,96207.97981978864,96191.63739934207,16.34242044657003,15.627698987474993,-0.00048503238768349277,-0.0005247149273660324,-0.06135089483156295,96266.46231534406,-0.0006235417542299613,0.0005107248208410796
2025-08-27,96251.01195988624,95229.37184263926,97330.50625863514,52.09755445911011,96181.48437606299,96138.84516812231,96201.23581298743,96272.56375134236,96129.90787463251,96214.60014903442,96196.03551493795,18.564634096474038,16.215086009274803,0.00046333494003714115,0.00042365240035460147,-0.06135089483156295,96266.46231534406,-0.00016049572287402193,0.0005048440124762786
2025-08-28,96189.06597485248,95112.19387629358,97264.79308544956,51.38490848012643,96179.98177865254,96140.0985894218,96202.51969311763,96271.8763828922,96133.16300334307,96210.6718145449,96195.51925270939,15.152561835508095,16.002581174521463,-0.0006435878831027031,-0.0006832704227852427,-0.06135089483156295,96266.46231534406,-0.0008039803128742223,0.0005110141742383259
2025-08-29,96218.51392468454,95147.63398891003,97281.7437697086,50.76243704033918,96180.20244819197,96141.07483677338,96206.5558908994,96269.11403209719,96143.99774970161,96211.87829302791,96197.22256174458,14.655731283331988,15.73321119628357,0.0003061465410190145,0.0002664640013364748,-0.06135089483156295,96266.46231534406,-0.0004980799076469682,0.0005085386833541235
2025-08-30,96184.10238749073,95105.63106724936,97185.7872109569,50.18975177678171,96179.07800905574,96142.20154522054,96208.86056073915,96263.70671325878,96154.01440821952,96207.60507679143,96196.25069698504,11.35437980639108,14.857444918305072,-0.00035763945825173504,-0.0003973219979342747,-0.06135089483156295,96266.46231534406,-0.0008555412328703501,0.0005102089498802702
2025-08-31,96175.65966555433,95150.4143539941,97231.47568118846,49.71191134074496,96178.44315031264,96142.8293522967,96207.02415587202,96263.79866414124,96150.24964760279,96202.69039813956,96194.72543539757,7.964962741985801,13.478948483041219,-8.777668790205251e-05,-0.0001274592275845922,-0.06135089483156295,96266.46231534406,-0.0009432428241965635,0.0005103674954308494
2025-09-01,96241.78846543947,95153.54458422153,97302.06805469697,49.3251661620744,96179.30858015927,96144.35121230154,96210.40600095736,96266.99333472866,96153.81866718606,96208.70548541647,96198.21158577105,10.493899645429337,12.881938715518844,0.0006875835332464941,0.0006479009935639545,-0.06135089483156295,96266.46231534406,-0.0002563078491839082,0.000510603234790096
2025-09-02,96195.95443767012,95178.48406175546,97353.50848688454,49.050065120101934,96177.9819005082,96145.39998657431,96208.85198212914,96265.2231783779,96152.48078588038,96206.74378576319,96198.04438961543,8.699396147756488,12.045430201966374,-0.0004762383212133514,-0.000515920860895891,-0.06135089483156295,96266.46231534406,-0.0007324241067774322,0.0005092679967431887
2025-09-03,96242.106760686,95216.87003959651,97286.0958084821,48.87676864442155,96178.57914841712,96146.1652186982,96212.30654363926,96267.89351677574,96156.71957050278,96212.18424344363,96201.308268954,10.875974489623331,11.811539059497765,0.00047977405376009585,0.00044009151407755617,-0.06135089483156295,96266.46231534406,-0.00025300145110016095,0.0005118751022304608
2025-09-04,96182.4078375088,95143.95096732044,97220.02669211192,48.82059420344705,96177.17856748121,96146.72623618497,96210.93746828269,96268.111604886,96153.76333167938,96207.6032579152,96199.90823699509,7.695020920102252,10.988235431618662,-0.0006202994218076352,-0.0006599819614901748,-0.06135089483156295,96266.46231534406,-0.0008731439362539623,0.0005071481808788941
2025-09-05,96214.70350323792,95164.67205762028,97379.81149581989,48.876490811474724,96177.76925709014,96147.10367446914,96212.57732949985,96268.10310193858,96157.05155706112,96208.69560334945,96201.00418264272,7.691420706731151,10.32887248664116,0.0003357751844150769,0.00029609264473253724,-0.06135089483156295,96266.46231534406,-0.0005376619319051448,0.0005103379559371297
2025-09-06,96183.65698967276,95078.23156041872,97278.95921890774,49.03674962361702,96177.27318209609,96147.74498263981,96212.80888229769,96267.78140507248,96157.83635952289,96204.84350893766,96199.71920538569,5.124303551972844,9.287958699707497,-0.0003226795119117831,-0.0003623620515943228,-0.06135089483156295,96266.46231534406,-0.000860167951327161,0.0005064744528189294
2025-09-07,96179.00234179296,95128.9047175229,97298.38978028424,49.300113261118064,96177.50967165666,96148.01771475816,96209.2783190451,96263.3608945645,96155.1957435257,96200.86794476154,96198.18462289733,2.6833218642132124,7.96703133260864,-4.8393334434071456e-05,-8.807587411661114e-05,-0.06135089483156295,96266.46231534406,-0.0009085196593659362,0.0005055619423078294
2025-09-08,96249.23980723604,95222.30900847408,97358.33201262658,49.66622165902356,96179.4688694541,96149.32840440799,96211.38874263657,96268.32118178226,96154.45630349088,96208.30976975762,96201.9664884039,6.343281353721977,7.642281336831308,0.0007302785819451874,0.0006905960422626477,-0.06135089483156295,96266.46231534406,-0.00017890454986918062,0.0005153314834727833
2025-09-09,96207.72716825391,95116.0021358466,97257.72282935093,50.111992131064106,96179.43322312167,96150.31980350243,96209.0171001976,96262.0933638707,96155.94083652449,96208.22013875705,96202.39320542982,5.826933327232837,7.279211734911614,-0.0004313035517502506,-0.0004709860914327903,-0.06135089483156295,96266.46231534406,-0.0006101309394516582,0.000508482448453898
2025-09-10,96258.3031233316,95185.86370254298,97298.95052441496,50.62597435638322,96181.48973998215,96151.18740242778,96212.12577251975,96269.15932849815,96155.09221654135,96215.92521330698,96206.53468082995,9.390532477031229,7.7014758833355375,0.0005256953528196551,0.0004860128131371154,-0.06135089483156295,96266.46231534406,-8.47563296315541e-05,0.0005156843044979146
2025-09-11,96203.01971336357,95127.07021527537,97259.169425974,51.211845688274195,96181.68455043614,96152.01237862342,96210.88729301651,96267.56333156998,96154.21125446304,96213.93975177723,96206.27431286949,7.665438907744829,7.694268488217396,-0.0005743235458576246,-0.0006140060855401642,-0.06135089483156295,96266.46231534406,-0.0006590311979334443,0.0005063159528165594
2025-09-12,96239.61512288172,95194.50685774992,97277.07126983198,51.81011175563959,96183.97240358997,96152.8130722799,96213.12607174362,96270.66386507127,96155.58827841598,96217.88980887024,96208.74400250003,9.145806370215723,7.9845760646170625,0.0003803977216847443,0.0003407151820022046,-0.06135089483156295,96266.46231534406,-0.00027888417021496096,0.0005110554989446885
2025-09-13,96212.6500426366,95225.1831035485,97204.74351735432,52.48057744150055,96185.23955352916,96154.0305487054,96214.40437104504,96270.62704479886,96158.1816972912,96217.08369098813,96209.03333880645,8.050352181686321,7.997731288030915,-0.0002801869085894415,-0.0003198694482719812,-0.06135089483156295,96266.46231534406,-0.0005589929391109328,0.0005063000462022545
2025-09-14,96211.7632372587,95057.09021207113,97226.6742108856,53.17887193524906,96187.26914074077,96155.0220486422,96212.33643099984,96265.52346598348,96159.1493960162,96216.26515964515,96209.23555350662,7.029606138530653,7.8041062581308625,-9.217139092521087e-06,-4.889967877506077e-05,-0.06135089483156295,96266.46231534406,-0.0005682049258877571,0.0005053348762380936
2025-09-15,96285.3687981813,95230.40478540664,97383.966022039,53.78732553246148,96191.01550719862,96157.18011903524,96216.283063081,96278.56338624068,96154.00273992133,96226.8964886507,96214.87505311215,12.021435538554215,8.647572114215533,0.0007650370229790315,0.0007253544832964919,-0.06135089483156295,96285.3687981813,0.0,0.0005132563398738817
2025-09-16,96246.7490210244,95189.5006128782,97278.2669717966,54.47032964404829,96192.72651048745,96159.13019772971,96216.06991613789,96277.87717731728,96154.2626549585,96229.95072440049,96217.23608777231,12.714636628181324,9.460985017008692,-0.0004010970476505671,-0.00044077958733310677,-0.06135089483156295,96285.3687981813,-0.00040109704765058877,0.0005086046708507312
2025-09-17,96299.67899536536,95262.58767106356,97375.51230579738,55.00708391302911,96196.45654345561,96161.04755946473,96221.60056716354,96292.37843548239,96150.82269884468,96240.67815070278,96223.34296981625,17.33518088652636,11.035824190912226,0.0005499403863438168,0.0005102578466612772,-0.06135089483156295,96299.67899536536,0.0,0.000512388618379687
2025-09-18,96246.15989343858,95139.25935410566,97346.2663675777,55.6047930858208,96198.22178249527,96162.99075867163,96222.98286560124,96294.58200514877,96151.38372605371,96241.52149573906,96225.03311230679,16.488383432268165,12.126336039183414,-0.0005557557666350244,-0.000595438306317564,-0.06135089483156295,96299.67899536536,-0.00055575576663507,0.0005085823692415269
2025-09-19,96283.89229042144,95201.21053913538,97256.3978974944,56.02516862132439,96201.9502736317,96164.95365461992,96227.97236074778,96302.02915252736,96153.9155689682,96248.04007953635,96229.39305142639,18.647028109960956,13.430474453338922,0.0003920405450423825,0.0003523580053598428,-0.06135089483156295,96299.67899536536,-0.00016393310038637391,0.0005098065243683126
2025-09-20,96257.41271452828,95160.2332634235,97337.59416796495,56.47436883467673,96204.50530260641,96167.35156414224,96232.06001319646,96302.91476194013,96161.20526445279,96249.48202338128,96231.46858202653,18.013441354749375,14.347067833621013,-0.0002750156361905898,-0.00031469817587312946,-0.06135089483156295,96299.67899536536,-0.0004389036524110814,0.0005092249752284726
2025-09-21,96256.34909130784,95272.6513578472,97319.91924418951,56.83266993643807,96207.65114467932,96169.51532810685,96232.78804448989,96304.35927391086,96161.21681506892,96250.53849536998,96233.31158271403,17.226912655954948,14.923036798087802,-1.1049779860550224e-05,-5.0732319543089906e-05,-0.06135089483156295,96299.67899536536,-0.00044994858248289095,0.0005092708974893932
2025-09-22,96329.1175904572,95268.22470294996,97403.95427192036,57.024843553948315,96212.32762747271,96172.81106863619,96239.44620212926,96320.70943879145,96158.18296546706,96262.62758692187,96240.40832402834,22.219262893529958,16.382282017176234,0.0007559864864636889,0.0007163039467811493,-0.06135089483156295,96329.1175904572,0.0,0.0005072086030502071
2025-09-23,96289.01484853384,95247.90510112484,97416.35021472316,57.16660903144317,96214.77257066345,96175.83839505551,96241.79160652164,96326.03135642775,96157.55185661554,96266.6871656314,96244.00880732505,22.678358306351583,17.641497275011304,-0.0004163096572092906,-0.00045599219689183027,-0.06135089483156295,96329.1175904572,-0.00041630965720930246,0.0005095656784027363
2025-09-24,96339.84169411456,95342.76153887868,97412.97539207929,57.1855496245084,96219.03481099074,96178.74795085151,96249.66329935192,96339.75764773441,96159.56895096942,96277.94170847496,96251.10753967983,26.834168795132427,19.48003157903553,0.0005278571565059398,0.0004881746168234001,-0.06135089483156295,96339.84169411456,0.0,0.0005061039603559642
2025-09-25,96283.63540340352,95202.19290182387,97396.62743072397,57.092684436686504,96221.12934102416,96181.575422843,96253.10989436021,96342.84640493256,96163.37338378787,96278.81766154089,96253.51701106677,25.30065047412063,20.64415535805255,-0.0005834168888246838,-0.0006230994285072234,-0.06135089483156295,96339.84169411456,-0.0005834168888246289,0.0005117861499585396
2025-09-26,96318.14186156743,95306.1189552145,97432.2664332682,56.93438475539874,96224.9871793129,96184.29408492615,96259.83413795495,96347.79488047474,96171.87339543516,96284.86753846805,96258.30403702978,26.563501438271487,21.82802457409634,0.00035838341603278145,0.00031870087635024177,-0.06135089483156295,96339.84169411456,-0.0002252425597295432,0.0005082457882166785
2025-09-27,96287.95087024156,95254.20511066972,97293.43731975046,56.61184734944565,96227.47842927276,96187.30140988158,96265.28156437736,96345.30060203082,96185.2625267239,96285.34189720245,96260.50009874917,24.841798453286174,22.430779349934305,-0.0003134507242598117,-0.00035313326394235137,-0.06135089483156295,96339.84169411456,-0.0005386226815459133,0.0005125432636673932
2025-09-28,96282.7503058998,95251.86132539492,97269.08376698158,56.18621102397376,96230.37763600975,96189.91352536697,96266.95708931056,96346.96516998185,96186.94900863926,96284.9431908482,96262.14826224181,22.79492860638129,22.503609201223703,-5.4010541243876276e-05,-9.369308092641596e-05,-0.06135089483156295,96339.84169411456,-0.0005926041314872291,0.0005135883979179611
2025-09-29,96351.02167450047,95262.61385127774,97418.23796233784,55.77505041560595,96234.63788968585,96193.4852829646,96274.1218146229,96357.39453939124,96190.84908985454,96295.10911141007,96268.73147796467,26.377633445401443,23.278414050059254,0.0007090716497375471,0.0006693891100550075,-0.06135089483156295,96351.02167450047,0.0,0.0005028713477923608
2025-09-30,96306.13106850893,95186.776245155,97434.58749724804,55.16645033594458,96236.5127557981,96196.60869221244,96276.51321188176,96360.6160718398,96192.41035192371,96296.80479711758,96271.50181800498,25.30297911260277,23.683327062567958,-0.0004659069017783901,-0.0005055894414609297,-0.06135089483156295,96351.02167450047,-0.00046590690177836057,0.0005105412686287606
2025-10-01,96351.9516803394,95239.5490266782,97414.54195736493,54.604876391576234,96240.06875813022,96199.43060802031,96283.95981023055,96367.03081874205,96200.88880171905,96305.28893299786,96277.46106706679,27.827865931074484,24.512234836269265,0.00047578083889465717,0.0004360982992121175,-0.06135089483156295,96351.9516803394,0.0,0.0005023142155426482
2025-10-02,96290.59492182816,95225.64885236982,97392.57853232216,53.86111313484831,96241.33996028212,96201.98679101479,96286.50880017786,96366.93711487864,96206.08048547708,96303.02831589484,96278.43394519726,24.594370697581326,24.52866200853168,-0.0006367982945981732,-0.0006764808342807128,-0.06135089483156295,96351.9516803394,-0.0006367982945981852,0.0005132536334437434
2025-10-03,96319.88154040392,95196.64070988585,97388.00408168766,53.17381443037499,96244.27728048053,96204.25441372275,96291.87037506622,96365.58402387115,96218.1567262613,96305.62111966548,96281.5041374348,24.11698223068379,24.446326052962103,0.00030414827740488093,0.00026446573772234125,-0.06135089483156295,96351.9516803394,-0.0003328436982977215,0.0005075029251381243
2025-10-04,96284.47598147052,95287.80258188314,97398.57161690648,52.349659896950826,96245.77101321712,96206.63854876289,96295.50601227683,96359.05582856886,96231.9561959848,96302.36802148164,96281.72427403003,20.643747451613308,23.685810332692345,-0.00036758308219631,-0.00040726562187884966,-0.06135089483156295,96351.9516803394,-0.0007003044327814897,0.0005135000750650387
2025-10-05,96274.13970467144,95262.92588812509,97385.09494242173,51.52012300475151,96247.61568173267,96208.46641986237,96294.94455760134,96359.06730556439,96230.82180963829,96298.02520351083,96281.16245407754,16.862749433290446,22.321198152811967,-0.00010735143639417632,-0.000147033976076716,-0.06135089483156295,96351.9516803394,-0.0008075806904889473,0.0005147421262262783
2025-10-06,96337.42599674956,95185.586329948,97323.10952369926,50.72160671513121,96250.78368299334,96211.10719110066,96299.47840638758,96362.0571139821,96236.89969879307,96304.08686400909,96285.33012390509,18.75674010399962,21.608306543049498,0.0006573550516499882,0.0006176725119674486,-0.06135089483156295,96351.9516803394,-0.00015075650608550298,0.0005028913016478369
2025-10-07,96287.770279452,95165.58204489328,97325.47881243555,49.89367037087431,96251.54681644547,96213.17005446857,96298.88297059192,96361.67988416778,96236.08605701606,96301.57662023108,96285.51087616781,16.065744063263992,20.4997940470924,-0.000515435375024853,-0.0005551179147073927,-0.06135089483156295,96351.9516803394,-0.0006661141758740565,0.0005105006927100198
2025-10-08,96329.11205477068,95289.8221678274,97417.76027945968,49.068212800027446,96253.98843083273,96214.82151368006,96303.03057865854,96362.00679205616,96244.05436526092,96305.81284092947,96288.74059310136,17.07224782810954,19.81428480329583,0.0004293564509667558,0.0003896739112842161,-0.06135089483156295,96351.9516803394,-0.00023704372532586874,0.0005031266850187199
2025-10-09,96263.6255223253,95192.85663422216,97273.02986022508,48.2898593740766,96254.15774093861,96216.11899441802,96302.01724025371,96363.03900960556,96240.99547090186,96299.32248422113,96286.88021748833,12.442266732803546,18.339881189197374,-0.0006798207836500314,-0.000719503323332571,-0.06135089483156295,96351.9516803394,-0.0009167033617247891,0.0005119071923944226
2025-10-10,96289.19024285211,95263.6478853426,97355.28788000291,47.4872504325338,96256.01895225786,96217.0628653675,96303.60611666992,96361.30195282778,96245.91028051206,96297.76367785668,96287.05133047824,10.712347378444974,16.814374427046896,0.0002655698908917703,0.00022588735120923062,-0.06135089483156295,96351.9516803394,-0.0006513769196446925,0.0005077767759419363
2025-10-11,96250.5250799059,95229.89272710183,97362.61854269991,46.79885366508797,96256.47366778743,96218.08241814753,96303.31491609981,96362.06419467942,96244.56563752021,96290.49620124887,96284.34568228769,6.150518961178022,14.681603333873122,-0.0004015524779956703,-0.00044123501767820997,-0.06135089483156295,96351.9516803394,-0.0010526678356241723,0.0005115173942780141
2025-10-12,96237.44111055305,95127.825629715,97292.68463218729,46.176129230582525,96257.32569903169,96218.52959909229,96298.7310921046,96363.04589459085,96234.41628961836,96282.33387960336,96280.8712695666,1.4626100367604522,12.037804674450589,-0.00013593660234056948,-0.00017561914202310916,-0.06135089483156295,96351.9516803394,-0.0011884613418757322,0.0005121627518802317
2025-10-13,96298.53603256115,95335.51078491675,97368.01532435324,45.516159491448505,96259.55473855074,96219.79828030324,96299.20715130598,96363.35988132354,96235.05442128841,96284.82651851994,96282.17977052915,2.646747990787844,10.159593337718041,0.0006348352710034977,0.000595152731320958,-0.06135089483156295,96351.9516803394,-0.0005543805480501964,0.0005069917530516686
2025-10-14,96247.28405408964,95135.0235293274,97301.85746002212,45.02676262187699,96259.43797886929,96220.52184167804,96294.57926930473,96359.7357074004,96229.42283120906,96279.05075476143,96279.59490264475,-0.5441478833236033,8.018845093509713,-0.0005322197053356792,-0.0005719022450182188,-0.06135089483156295,96351.9516803394,-0.0010863052011339943,0.000509551314532109
2025-10-15,96287.65739940495,95262.37754244644,97359.1342534942,44.515914492534094,96261.06240372622,96220.88997280071,96294.7803691048,96359.81930809676,96229.74143011284,96280.37485393735,96280.19212462699,0.18272931035608053,6.451621936878987,0.00041947516454210465,0.00037979262485956497,-0.06135089483156295,96351.9516803394,-0.0006672857146449723,0.000507981078506447
2025-10-16,96221.85646111536,95126.29081630018,97288.60686147412,44.180957833767145,96260.4792937508,96220.9818349069,96289.96609908219,96361.63991451531,96218.29228364906,96271.37202427242,96275.87096436687,-4.49894009444688,4.2615095306138135,-0.0006833787430994276,-0.0007230612827819672,-0.06135089483156295,96351.9516803394,-0.0013502084488714826,0.0005087042842285591
2025-10-17,96247.7799735434,95119.95911723156,97320.33526615208,43.86130053916265,96261.65357372462,96220.81767618857,96287.95755424729,96362.07881780999,96213.83629068459,96267.74247800642,96273.7901502318,-6.047672225380666,2.1996731794149182,0.0002694139708114829,0.0002297314311289432,-0.06135089483156295,96351.9516803394,-0.0010811582430796656,0.0005091186007300198
2025-10-18,96210.15844527712,95089.8862238156,97286.7567555807,43.69641929317931,96261.48646413647,96220.84445616422,96284.32796121616,96366.22446219195,96202.43146024036,96258.88339604807,96269.07669060552,-10.193294557451736,-0.2789203679584129,-0.00039088203672454913,-0.0004305645764070888,-0.06135089483156295,96351.9516803394,-0.0014716176744681315,0.0005079448140155697
2025-10-19,96198.80655291586,95116.21537314312,97314.90710603324,43.62126503143505,96261.78054744497,96220.42927825036,96276.71720513693,96360.77960409886,96192.65480617499,96249.64080479696,96263.87149522112,-14.23069042415591,-3.0692743791979122,-0.00011799057963002291,-0.0001576731193125626,-0.06135089483156295,96351.9516803394,-0.0015894346170757785,0.0005075416949271436
2025-10-20,96262.31703984756,95199.70827727672,97363.94172761962,43.6426621121778,96263.51369493082,96220.97842262173,96274.52650370386,96357.63964005599,96191.41336735174,96251.59099480473,96263.75635037862,-12.165355573888519,-4.888490618136034,0.0006602003622233621,0.0006205178225408225,-0.06135089483156295,96351.9516803394,-0.0009302836001622369,0.0005133634994952864
2025-10-21,96214.15012698126,95231.90059274998,97300.13187125762,43.752932366817504,96262.96092816167,96221.13475416048,96267.63642603594,96346.4609537395,96188.81189833238,96245.83086129342,96260.08181531215,-14.250954018731136,-6.760983298255055,-0.0005003714261975212,-0.0005400539658800608,-0.06135089483156295,96351.9516803394,-0.0014301895390279637,0.0005085333700861429
2025-10-22,96258.25459376638,95109.2886071402,97271.02523402314,44.01542087510439,96264.20693128358,96221.09441589589,96266.01940963286,96344.1850040338,96187.85381523192,96247.74220475079,96259.94646556802,-12.204260817234172,-7.849638802050879,0.0004583989644653119,0.00041871642478277224,-0.06135089483156295,96351.9516803394,-0.0009724461719662739,0.0005146862075705134
2025-10-23,96196.79758771214,95094.90555753867,97305.77323482918,44.31707069713985,96263.30074782412,96220.9399481206,96259.86521199826,96339.54203849328,96180.18838550324,96239.90457136022,96255.26877091202,-15.364199551797356,-9.352550952000175,-0.0006384595930355452,-0.0006781421327180849,-0.06135089483156295,96351.9516803394,-0.0016102848974146006,0.000505578319531394
2025-10-24,96227.63456653628,95185.72840748634,97358.29798198644,44.81193491990195,96264.20528240467,96220.69192494293,96257.02314125156,96337.05795136471,96176.9883311384,96238.01687831039,96253.22179281012,-15.204914499729057,-10.523023661545952,0.0003205613866306134,0.0002808788469480737,-0.06135089483156295,96351.9516803394,-0.0012902397059435897,0.0005110860352357655
2025-10-25,96195.4426409901,95214.00050481744,97312.49687196764,45.30629959528133,96263.8200651597,96220.79466112492,96253.08828806749,96337.21348464258,96168.9630914924,96231.46699564572,96248.94185563826,-17.47485999253695,-11.913390927744153,-0.0003345393003909569,-0.0003742218400734966,-0.06135089483156295,96351.9516803394,-0.0016243473704460171,0.0005048572400590378
2025-10-26,96189.97304950752,95156.96721813348,97280.145134548,45.90195878108108,96263.94638635642,96220.60978422625,96245.7156407054,96324.38824273023,96167.04303868057,96225.08331162446,96244.57379592487,-19.490484300404205,-13.428809602276164,-5.6859153951815955e-05,-9.654169363435564e-05,-0.06135089483156295,96351.9516803394,-0.001681114165380615,0.0005034415997325178
2025-10-27,96259.74533531968,95186.57670368184,97334.19053184564,46.70053338471975,96265.56124622695,96221.53545894181,96244.31439349877,96320.80108554472,96167.82770145283,96230.4159306545,96245.69761365782,-15.281683003311628,-13.799384282483258,0.0007253592406792908,0.0006856767009967512,-0.06135089483156295,96351.9516803394,-0.0009569743363957802,0.0005183452937166528
2025-10-28,96218.13725603612,95181.7974012218,97305.99001193904,47.47947465607054,96264.93919520294,96222.20403232852,96238.76565356205,96304.72791654775,96172.80339057634,96228.52690379015,96243.65610568585,-15.129201895702863,-14.065347805127178,-0.00043224796760699125,-0.00047193050728953093,-0.06135089483156295,96351.9516803394,-0.001388808653790791,0.0005080024829591572
2025-10-29,96269.00660199208,95340.711017082,97355.8766004672,48.415893137341904,96266.1647838777,96222.79900349969,96239.03470754539,96305.46615181617,96172.6032632746,96234.75454966737,96245.53392022706,-10.779370559685049,-13.408152356038753,0.0005286877028245485,0.0004890051631420088,-0.06135089483156295,96351.9516803394,-0.0008608551970230025,0.0005190097417130682
2025-10-30,96214.42199320934,95101.4482341385,97280.08249632084,49.35628814876156,96265.28716127526,96223.3884506287,96235.29629506325,96298.16306005893,96172.42953006757,96231.62646405844,96243.22933304057,-11.602868982125074,-13.047095681256017,-0.0005670008521891923,-0.0006066833918717319,-0.06135089483156295,96351.9516803394,-0.0014273679435818831,0.0005044897706643529
2025-10-31,96252.1340633223,95182.69988356794,97257.11732407022,50.36945581094267,96266.26944827443,96223.97699935528,96235.37674423406,96298.32962265266,96172.42386581546,96234.7814793298,96243.88894269106,-9.107463361258851,-12.259169217256584,0.0003919585996745578,0.00035227605999201813,-0.06135089483156295,96351.9516803394,-0.0010359688130476567,0.0005120954714510214
2025-11-01,96226.7102944922,95177.1100553554,97325.62751767796,51.434154668657385,96266.01135170665,96224.99187764831,96234.84020343101,96297.90182158975,96171.77858527227,96233.53975858557,96242.61645023189,-9.076691646318068,-11.622673703068882,-0.0002641371963075789,-0.0003038197359901186,-0.06135089483156295,96351.9516803394,-0.0012998323714574964,0.000504225144549414
2025-11-02,96227.7892215817,95163.63141698355,97298.88970301626,52.556753821745914,96266.31413528555,96225.77684440736,96231.30286288205,96286.80430645937,96175.80141930473,96232.65506058496,96241.51813699855,-8.863076413588715,-11.070754245172848,1.121234516077152e-05,-2.8470194521768163e-05,-0.06135089483156295,96351.9516803394,-0.0012886346004659618,0.0005025523284482242
2025-11-03,96303.77655423856,95267.30097633158,97359.61948594764,53.57864155946862,96268.15440162516,96227.71177118296,96234.12748788949,96298.14954983337,96170.10542594561,96243.59682883936,96246.12987160892,-2.5330427695589606,-9.363211950050072,0.0007896610040774021,0.0007499784643948625,-0.06135089483156295,96351.9516803394,-0.000499991180881049,0.0005171952248966639
2025-11-04,96267.93721578772,95277.60010712198,97350.3864375032,54.743667259916364,96267.80576997728,96229.41063858796,96233.14147870863,96294.23264090077,96172.05031651648,96247.34150375449,96247.745230437,-0.4037266825034749,-7.571314896540753,-0.0003721488370775905,-0.0004118313767601302,-0.06135089483156295,96351.9516803394,-0.000871953946822106,0.0005079729608427093
2025-11-05,96324.01943539668,95214.23372951023,97388.5683370397,55.680023360463665,96269.35117826473,96231.03884437609,96238.24962742269,96311.28488306138,96165.214371784,96259.13810862252,96253.39517154511,5.742937077404349,-4.908464501751732,0.0005825638445253745,0.0005428813048428348,-0.06135089483156295,96351.9516803394,-0.0002898980711402324,0.0005163489138277664
2025-11-06,96273.98791547774,95277.44900673474,97353.49277696172,56.801053837739886,96268.83735666698,96232.64695006129,96239.56002451942,96314.23723955278,96164.88280948607,96261.42269429256,96254.92055998457,6.502134307986125,-2.6263447398041606,-0.0005194085567877815,-0.0005590910964703212,-0.06135089483156295,96351.9516803394,-0.0008091560523892442,0.0005066046272926873
2025-11-07,96315.49742777312,95270.76801890777,97350.62676677728,57.59848323363256,96270.22410735366,96234.22294492446,96244.82697364422,96325.39924509729,96164.25470219115,96269.7418840588,96259.40773537633,10.334148682479281,-0.03424605534747238,0.00043116020426858803,0.00039147766458604835,-0.06135089483156295,96351.9516803394,-0.00037834472400959335,0.0005107178922357707
2025-11-08,96293.03004152978,95276.52016200128,97365.61145658746,58.58385137932999,96270.40686237584,96236.17856800376,96249.5381480749,96329.79856008093,96169.27773606888,96273.32467751588,96261.89827657287,11.42640094300441,2.2578833443229045,-0.0002332686519133098,-0.0002729511915958495,-0.06135089483156295,96351.9516803394,-0.0006115251199592219,0.0005072302280675708
2025-11-09,96296.15163731515,95266.21809735516,97397.75771401115,59.37827595075631,96271.18164083155,96237.843471719,96251.22987794828,96334.01115417854,96168.44860171802,96276.83651748499,96264.43556255379,12.40095493120316,4.286497661698956,3.241767118589145e-05,-7.264868496648232e-06,-0.06135089483156295,96351.9516803394,-0.0005791272729936789,0.0005066847940412796
2025-11-10,96373.21018809912,95417.42143464166,97496.0611530304,59.89448441676525,96273.51886276739,96240.58500372338,96259.18288100419,96356.28813754642,96162.07762446196,96291.663236041,96272.49294222382,19.17029381718021,7.263256892795207,0.0008002246141072256,0.0007605420744246859,-0.06135089483156295,96373.21018809912,0.0,0.0005090857854684458
2025-11-11,96337.42973917472,95253.72906495912,97340.22149165894,60.50948748450956,96273.68510574175,96243.00636660722,96263.1416382746,96366.35125680076,96159.93201974843,96298.70423652312,96277.30307533129,21.40116119182494,10.090837752601153,-0.00037126965942679835,-0.00041095219910933803,-0.06135089483156295,96373.21018809912,-0.0003712696594267779,0.0005089490917786526
2025-11-12,96392.53615787276,95317.40464205603,97446.13129468184,60.80212292459342,96275.75553192852,96245.26405129599,96272.92856678263,96386.27368457703,96159.58344898824,96313.13991673075,96285.83885922325,27.301057507502264,13.532881703581376,0.0005720146245049573,0.0005323320848224177,-0.06135089483156295,96392.53615787276,0.0,0.0005073060689417755
2025-11-13,96340.4916134718,95274.51328481936,97403.70825767804,61.07343260221932,96275.76853031566,96247.40167065318,96278.57141912941,96393.64593308922,96163.4969051696,96317.34787007552,96289.88721138981,27.460658685711678,16.318437100007436,-0.0005399229699251107,-0.0005796055096076503,-0.06135089483156295,96392.53615787276,-0.0005399229699250604,0.0005115337374294714
2025-11-14,96378.96908530298,95239.13862660434,97381.11918875932,61.12570275885578,96277.67520395367,96249.40227248892,96287.74774134505,96404.1728993288,96171.32258336131,96326.82805703359,96296.48586871671,30.342188316877582,19.123187343381467,0.0003993904451469188,0.0003597079054643791,-0.06135089483156295,96392.53615787276,-0.00014074816485339924,0.0005082232929451386
2025-11-15,96352.4900551548,95261.32146853016,97439.39504390876,61.01274947142702,96278.36216782538,96251.67467356914,96295.87359162742,96406.0853215239,96185.66186173093,96330.77605674455,96300.63432697138,30.141729773167754,21.326895829338724,-0.00027473867379446126,-0.00031442121347700095,-0.06135089483156295,96392.53615787276,-0.00041544816968367153,0.0005128973328565073
2025-11-16,96350.68100026203,95257.60646825725,97469.36319837037,60.7461504856298,96279.61677042581,96253.54759984928,96300.42037487453,96411.8527778552,96188.98797189388,96333.83835574724,96304.34148795587,29.496867791371187,22.960890221745217,-1.8775382885638514e-05,-5.8457922568178197e-05,-0.06135089483156295,96392.53615787276,-0.0004342157523708748,0.0005141903331469949
2025-11-17,96421.97114293264,95334.19416310012,97453.95366098252,60.42101613900635,96282.40118716648,96256.38941158811,96310.61206921937,96427.50902965815,96193.71510878058,96347.39724608345,96313.05479573192,34.34245035152708,25.23720224770159,0.0007399028416874565,0.0007002203020049168,-0.06135089483156295,96421.97114293264,0.0,0.0005004494576103359
2025-11-18,96379.68537587528,95394.28457763382,97430.59289571024,59.74190521541957,96282.97446119395,96258.80617543991,96316.14600791353,96435.20891848383,96197.08309734323,96352.36465066682,96317.99039426105,34.374256405761116,27.064613079313496,-0.0004385490833274108,-0.0004782316230099505,-0.06135089483156295,96421.97114293264,-0.0004385490833274359,0.0005109262324392253
2025-11-19,96427.66843575166,95384.93219272816,97472.9478608979,59.16526729930963,96285.40520853881,96260.95898216845,96326.80833004063,96445.70825583371,96207.90840424754,96363.94984837218,96326.11469363073,37.835154741449514,29.218721411740702,0.0004978544979603594,0.00045817195827781973,-0.06135089483156295,96427.66843575166,0.0,0.0004992419257905541
2025-11-20,96368.01730163951,95247.41473424762,97408.14736804072,58.175556713098295,96285.72652096482,96262.89763954753,96332.6024919565,96447.40406049872,96217.80092341427,96364.57561041332,96329.21859052028,35.35701989303925,30.446381108000413,-0.0006186101466498783,-0.000658292686332418,-0.06135089483156295,96427.66843575166,-0.0006186101466499318,0.000515419208276129
2025-11-21,96398.55314760387,95278.07461111096,97328.26227544024,57.361915063996044,96287.88568548033,96264.61282288123,96341.19463461208,96448.07576273027,96234.3135064939,96369.80292382724,96334.3544836376,35.448440189647954,31.446792924329923,0.0003168670147979391,0.0002771844751153994,-0.06135089483156295,96427.66843575166,-0.00030193914900254184,0.0005067240202351347
2025-11-22,96363.95605135588,95396.92697996074,97409.35671822097,56.154419315574565,96288.76717569937,96266.52222808995,96348.0029761008,96440.90043849121,96255.1055137104,96368.9034049855,96336.54719235747,32.356212628030335,31.628676865070005,-0.0003588964265367478,-0.0003985789662192875,-0.06135089483156295,96427.66843575166,-0.0006607272106577189,0.0005160479517018107
2025-11-23,96354.01813512604,95242.74710880696,97468.6290736395,54.96251089026584,96290.15801877248,96267.96451599481,96350.51505514517,96441.06449251519,96259.96561777515,96366.61336346866,96337.84133626625,28.77202720240166,31.05734693253634,-0.00010312897723441239,-0.00014281151691695207,-0.06135089483156295,96427.66843575166,-0.000763788047770713,0.0005180068595855718
2025-11-24,96417.3376674866,95363.02716874122,97374.30084675888,53.87560829120765,96293.02197802877,96270.3188298807,96357.98507773012,96444.40673693901,96271.56341852123,96374.41710254835,96343.72995339369,30.68714915466262,30.983307376961598,0.0006571550785952063,0.0006174725389126666,-0.06135089483156295,96427.66843575166,-0.00010713489636997893,0.0004990395650527028
2025-11-25,96367.40812909637,95340.12180709798,97415.14865754044,52.56907764504145,96293.62162067572,96272.20265183452,96360.15451241509,96445.15276652457,96275.15625830561,96373.33879894036,96345.48389233463,27.85490660573123,30.357627222715525,-0.000517848133936516,-0.0005575306736190556,-0.06135089483156295,96427.66843575166,-0.0006249275507003354,0.0005112263246051796
2025-11-26,96408.23840807885,95247.46336090288,97448.27003105351,51.37939796613538,96296.03098324826,96273.78889984686,96366.86703704516,96444.05929063006,96289.67478346026,96378.70796957705,96350.13237498235,28.575594594702125,30.00122069711285,0.0004236938584856187,0.000384011318803079,-0.06135089483156295,96427.66843575166,-0.0002014984701798859,0.0004993834835827265
2025-11-27,96342.08120185352,95263.54273631371,97436.73478345468,50.13626217268153,96296.29036618993,96275.13939851132,96368.19622574917,96442.52653419717,96293.86591730117,96373.07308223497,96349.53599178762,23.537090447352966,28.708394647160873,-0.0006862194281083145,-0.0007259019677908541,-0.06135089483156295,96427.66843575166,-0.0008875796261232646,0.0005131586096812529
2025-11-28,96366.90105906758,95207.64672675666,97432.32211511752,48.940705158481464,96298.35587692475,96276.25680893168,96371.88977662605,96437.29957941052,96306.47997384157,96372.12354020923,96350.82229306761,21.301247141615022,27.226965146051704,0.0002576221823780145,0.0002179396426954748,-0.06135089483156295,96427.66843575166,-0.0006301861039456467,0.0005067725938507004
2025-11-29,96327.50536955336,95225.3762880784,97408.88238775388,47.8555468561938,96299.12217945878,96277.57056585833,96373.45746323797,96432.40821511051,96314.50671136542,96365.25920626217,96349.09511354804,16.164092714127037,25.014390659666773,-0.00040880934305520533,-0.000448491882737745,-0.06135089483156295,96427.66843575166,-0.0010387378210336422,0.0005122175880152936
2025-11-30,96313.7940828972,95272.70226042529,97419.50766288216,46.89736160570443,96300.38755951861,96278.430613653,96370.48665797788,96435.19702821311,96305.77628774264,96357.34149497526,96346.48022238872,10.86127258653869,22.183767045041158,-0.00014234030668136555,-0.00018202284636390523,-0.06135089483156295,96427.66843575166,-0.001180930273454979,0.0005130589737816542
2025-12-01,96374.45078428296,95329.95203154862,97418.3139814029,45.930158393920145,96303.12775299321,96280.22672601245,96372.33771023329,96435.15696407609,96309.51845639049,96359.97369333029,96348.55211586237,11.421577467917814,20.03132912961649,0.0006297820780847285,0.0005900995384021889,-0.06135089483156295,96427.66843575166,-0.0005518919240918886,0.0005067516453092172
2025-12-02,96323.02922300145,95298.40837329824,97356.97969185904,45.222491966858264,96303.61761680203,96281.58617767638,96368.86236348972,96434.59950756766,96303.12521941178,96354.28992866431,96346.661531206,7.628397458305699,17.550742795354335,-0.0005335600967171228,-0.0005732426363996624,-0.06135089483156295,96427.66843575166,-0.0010851575533005668,0.0005091290097246381
2025-12-03,96363.57154134002,95271.395239489,97366.23792396252,44.52636706773885,96305.94336654703,96282.69067270815,96370.01635988313,96434.45397021268,96305.57874955358,96355.71786907595,96347.91412454925,7.803744526696391,15.601343141622745,0.0004208995363372825,0.0003812169966547428,-0.06135089483156295,96427.66843575166,-0.0006647147592742374,0.0005086822503424413
2025-12-04,96298.33534962167,95299.22676628808,97388.44858629578,44.1056495869463,96306.15692555135,96283.60966463879,96365.98467309907,96437.73849594504,96294.2308502531,96346.8897891599,96344.24162270277,2.648166457132902,13.010707804724778,-0.0006769798034141905,-0.0007166623430967301,-0.06135089483156295,96427.66843575166,-0.0013412445642213544,0.0005068134810063689
2025-12-05,96325.26113455632,95231.78143223118,97437.78427058533,43.762179704303506,96308.22501902017,96284.3521563855,96364.62322706914,96438.45822642071,96290.78822771757,96343.56230383628,96342.83566061786,0.7266432184260339,10.553894887465031,0.0002796079998359513,0.00023992546015341162,-0.06135089483156295,96427.66843575166,-0.001062011587095219,0.0005092068725438033
2025-12-06,96289.1033449239,95231.53391325334,97333.7064183221,43.64622976422641,96309.05148644779,96285.35253008621,96361.54434430224,96442.60885453678,96280.4798340677,96335.18400246515,96338.85548908496,-3.671486619816278,7.7088185860087695,-0.00037537183088354187,-0.00041505437056608155,-0.06135089483156295,96427.66843575166,-0.0014369847687449185,0.0005055509295869624
2025-12-07,96279.6809523138,95167.42038166648,97363.74849568492,43.68446198746722,96310.44193658853,96285.96420036249,96354.42983477129,96438.09873414406,96270.76093539852,96326.64507167262,96334.47219006489,-7.827118392262491,4.601631190354517,-9.785523265648521e-05,-0.0001375377723390249,-0.06135089483156295,96427.66843575166,-0.0015346993849224809,0.0005045758525389576
2025-12-08,96345.57011271478,95311.24622455654,97394.63939445854,43.92927847245166,96313.3772077845,96287.57887761474,96352.72407161325,96435.61240764764,96269.83573557886,96329.55661644835,96335.29425840933,-5.73764196097909,2.533776560087796,0.0006843516695240748,0.0006446691298415352,-0.06135089483156295,96427.66843575166,-0.0008513979894846089,0.0005171038350467967
2025-12-09,96300.19300099624,95268.47177322494,97369.9893661651,44.27023336623135,96314.13472700749,96288.82421096915,96346.3502998755,96424.4394776833,96268.26112206769,96325.03913714802,96332.69416526762,-7.655028119595954,0.4960156241510463,-0.00047098285541780083,-0.0005106653951003405,-0.06135089483156295,96427.66843575166,-0.0013219798510461886,0.0005076582757865195
2025-12-10,96347.439022231,95317.4638276233,97425.73779803536,44.873222400153054,96316.80050491248,96289.88071653707,96345.32138590507,96422.74798490127,96267.89478690887,96328.48527331463,96333.78637689454,-5.301103579913615,-0.663408216661886,0.000490611905983096,0.0004509293663005563,-0.06135089483156295,96427.66843575166,-0.0008320165241174203,0.0005186292995172844
2025-12-11,96289.39548213853,95261.26031334404,97366.59637938238,45.495756732591516,96317.4233226799,96290.81512698176,96339.86350263181,96416.8788641406,96262.84814112302,96322.47145928754,96330.49816246817,-8.026703180628829,-2.1360672094552746,-0.0006024398850817958,-0.0006421224247643354,-0.06135089483156295,96427.66843575166,-0.0014339551692600198,0.0005035283849381369
2025-12-12,96323.81912184996,95303.20072561338,97409.32134798502,46.376314578422466,96319.96375336267,96291.63225059338,96337.85665615651,96414.31842597743,96261.39488633559,96322.67879198944,96330.00341871867,-7.32462672922702,-3.1737791134096236,0.0003575018779489181,0.0003178193382663784,-0.06135089483156295,96427.66843575166,-0.001076965932977022,0.0005118682160423707
2025-12-13,96295.27176239731,95217.78172118748,97381.54963732732,47.23838590625298,96321.31649727988,96292.76088984226,96334.91933752007,96413.25751617784,96256.5811588623,96318.46232589835,96327.4307034356,-8.968377537254128,-4.332698798178525,-0.0002963686418675504,-0.0003360511815500901,-0.06135089483156295,96427.66843575166,-0.001373015395913708,0.0005030595250725538
2025-12-14,96293.37574373206,95286.23817768562,97299.66904702249,48.214510869091654,96323.27515933472,96293.54761224723,96328.72124133234,96398.78120776935,96258.66127489533,96314.60285171893,96324.90811382793,-10.305262109002797,-5.527211460343379,-1.968963408638391e-05,-5.9372173768923594e-05,-0.06135089483156295,96427.66843575166,-0.001392677995829396,0.0005011494972441234
2025-12-15,96366.51165965023,95284.48907505082,97504.2012755014,49.32058849385227,96326.80593153759,96295.376158947,96328.67641786004,96398.63323914497,96258.71959657512,96322.5888221699,96327.98985796291,-5.401035793009214,-5.501976326876546,0.0007595113926923691,0.0007198288530098295,-0.06135089483156295,96427.66843575166,-0.0006342243579411873,0.000518257944869377
2025-12-16,96327.91232794776,95317.12646152927,97369.35451533248,50.427261211387325,96328.16927139014,96296.86525880854,96324.66011385349,96383.76600384177,96265.55422386521,96323.40782305879,96327.98411499884,-4.57629194004403,-5.316839449510043,-0.00040054715105586336,-0.00044022969073840304,-0.06135089483156295,96427.66843575166,-0.0010345174722373985,0.0005074547884834948
2025-12-17,96381.28906228754,95395.5748971645,97502.86429829447,51.516191907786244,96331.43230751518,96298.18575135905,96326.62050687519,96390.56231475568,96262.6786989947,96332.31262909398,96331.93262961281,0.37999948117067106,-4.1774716633739,0.0005541149294097103,0.0005144323897271707,-0.06135089483156295,96427.66843575166,-0.0004809757844038724,0.0005172996365292708
2025-12-18,96328.5671895424,95238.26608772555,97415.71367346344,52.643740256224504,96332.6235192662,96299.39415157195,96324.70381339893,96385.79637076663,96263.61125603122,96331.73640762451,96331.68333775575,0.05306986876530573,-3.3313633569460595,-0.0005470135672398513,-0.0005866961069223909,-0.06135089483156295,96427.66843575166,-0.0010277262513641702,0.0005059428535975455
2025-12-19,96367.36208213156,95255.1221971563,97391.14601032269,53.60680731921141,96335.68232104462,96300.48474115993,96326.69664902784,96390.70467317074,96262.68862488495,96337.2172806256,96334.32620770951,2.8910729160852497,-2.086876102339798,0.0004027350735200663,0.00036305253383752664,-0.06135089483156295,96427.66843575166,-0.0006254050792515969,0.0005106691894494846
2025-12-20,96342.11882175336,95243.86912661704,97373.34327715774,54.62841626344748,96337.48201621324,96301.87573224385,96328.11288597065,96392.17228544857,96264.05348649273,96337.97136387603,96334.90343837944,3.0679254965943983,-1.055915782552959,-0.000261948234680065,-0.0003016307743626047,-0.06135089483156295,96427.66843575166,-0.0008871894901752299,0.0005067640689091569
2025-12-21,96342.37106076088,95279.35486008454,97368.60228106804,55.56210019308029,96339.7952315386,96302.90329162263,96326.50889979454,96387.20099749789,96265.8168020912,96338.64824031985,96335.45659559288,3.1916447269613855,-0.20640368065009018,2.6181592287510824e-06,-3.70643804537886e-05,-0.06135089483156295,96427.66843575166,-0.0008845736537497603,0.000506178822719078
2025-12-22,96416.44147798549,95331.10334641988,97497.5523349389,56.19799286480752,96343.5682766667,96304.94120597612,96331.17951254375,96403.9245452014,96258.4344798861,96350.61643072993,96341.45547577013,9.160954959806986,1.667068047441325,0.0007688249355819465,0.0007291423958994069,-0.06135089483156295,96427.66843575166,-0.00011642880045014744,0.0005082925880038823
2025-12-23,96377.53768097,95400.44314875882,97479.25051238772,56.84157366940151,96345.04349920132,96306.59895041324,96331.87781952524,96406.18347920231,96257.57215984816,96354.7581615361,96344.12823171086,10.629929825241561,3.4596404030013725,-0.00040349754065927,-0.0004431800803418097,-0.06135089483156295,96427.66843575166,-0.000519879362374815,0.0005087527969366421
2025-12-24,96429.37955373776,95390.27190110284,97544.75198840527,57.189646687683286,96348.27234596033,96308.0390579688,96338.43002973104,96422.72173407517,96254.13832538691,96366.23837572098,96350.44314445359,15.795231267387862,5.9267585758786705,0.0005379041010507013,0.0004982215613681617,-0.06135089483156295,96429.37955373776,0.0,0.0005062320852778591
2025-12-25,96373.93494882045,95300.2733964576,97427.46500539444,57.45166814524846,96349.2706562288,96309.31091724675,96340.86372044425,96426.35660315272,96255.37083773578,96367.42246389014,96352.18327811039,15.239185779748368,7.789244016652611,-0.0005749762694098326,-0.0006146588090923722,-0.06135089483156295,96429.37955373776,-0.0005749762694098331,0.0005120025016188531
2025-12-26,96408.89497203071,95270.78402030424,97444.52190326522,57.4918630937968,96351.96879735983,96310.4030770134,96346.8533017996,96433.84939335461,96259.85721024458,96373.80284975792,96356.3841443267,17.418705431220587,9.715136299566208,0.0003627539254138501,0.0003230713857313104,-0.06135089483156295,96429.37955373776,-0.00021243091889469094,0.000507844094678575
2025-12-27,96378.8119804459,95322.1761863352,97448.99316731036,57.3367908385657,96353.2350884133,96311.72959788349,96351.8098532062,96433.84630763353,96269.77339877887,96374.57348524837,96358.04546552073,16.528019727644278,11.077712985181822,-0.0003120354360823807,-0.0003517179757649204,-0.06135089483156295,96429.37955373776,-0.0005244000690026287,0.0005134851818926469
2025-12-28,96373.35588936837,95179.5796357565,97470.5603120286,56.98048290986638,96354.84160537008,96312.62423387296,96353.19914203887,96435.73028340857,96270.66800066916,96374.3861628053,96359.17957099092,15.206591814378044,11.903488751021067,-5.6610897825160045e-05,-9.629343750769973e-05,-0.06135089483156295,96429.37955373776,-0.0005809812800690347,0.0005149686881519139
2025-12-29,96441.011239727,95404.47121864752,97505.9976544768,56.56495622997785,96357.73879741832,96314.46021912494,96360.24005397542,96447.61573871694,96272.8643692339,96384.6361746394,96365.24117608248,19.394998556919745,13.401790712200803,0.0007020130173354122,0.0006623304776528726,-0.06135089483156295,96441.011239727,0.0,0.0004997337500455775
2025-12-30,96395.16895662669,95240.26147752172,97526.44065214111,55.85200091140198,96358.17797278888,96315.84841777812,96362.62655069519,96451.13010797616,96274.12299341422,96386.25660263744,96367.45804871539,18.798553922053543,14.481143354171353,-0.00047534013290628785,-0.0005150226725888275,-0.06135089483156295,96441.011239727,-0.0004753401329063203,0.0005108896031111027
2025-12-31,96439.74889925469,95349.46118173758,97496.88576461525,55.16566884369614,96360.22435599046,96316.9547308661,96370.144221551,96457.99689498199,96282.29154812002,96394.4861867324,96372.81292653311,21.673260199298966,15.919566723196876,0.00046247071415028707,0.0004227881744677474,-0.06135089483156295,96441.011239727,-1.3089249646862345e-05,0.0004989545617320807
2026-01-01,96376.93022189249,95283.78880446329,97517.61276943,54.198570276738344,96359.91223727087,96317.83388459969,96372.79977655313,96457.92498906984,96287.67456403642,96391.78526906473,96373.11791137455,18.667357690181234,16.46912491659375,-0.000651377446324819,-0.0006910599860073586,-0.06135089483156295,96441.011239727,-0.000664458169929639,0.0005146128708983002
2026-01-02,96404.62093246415,95304.03056214278,97421.50701783317,53.29816418597618,96361.1948236507,96318.48167698318,96378.26723505647,96456.1660419029,96300.36842821003,96393.75998651079,96375.45146849229,18.308518018500763,16.837003536975153,0.00028731679363436236,0.00024763425395182267,-0.06135089483156295,96441.011239727,-0.0003773322862862638,0.00050658875410106
2026-01-03,96367.5899204146,95289.7819283067,97440.97435410118,52.2086171455253,96360.96724035293,96319.32122215329,96381.9779438906,96449.18714918297,96314.76873859823,96389.733822496,96374.86913159765,14.86469089835009,16.442541009250142,-0.000384120716324321,-0.00042380325600686067,-0.06135089483156295,96441.011239727,-0.000761308061462518,0.0005145120757642469
2026-01-04,96355.71721041211,95176.86835119835,97387.32308454186,51.13439342738958,96361.03178345811,96319.69697564174,96381.43822142869,96449.34018051841,96313.53626233897,96384.50049756002,96373.45047076908,11.050026790937409,15.364038165587596,-0.00012320231327034303,-0.00016288485295288272,-0.06135089483156295,96441.011239727,-0.000884416579818593,0.0005159903486676618
2026-01-05,96417.68505915412,95427.00223196427,97535.86173941212,50.107922040106004,96362.37186463592,96320.99431753086,96385.92685798902,96450.72868713448,96321.12502884355,96389.60581472833,96376.72710694575,12.87870778258366,14.86697208898681,0.0006431154324417765,0.0006034328927592369,-0.06135089483156295,96441.011239727,-0.000241869929328102,0.0005024422267193589
2026-01-06,96367.0639923462,95246.30040664064,97377.16362024362,49.10917597369029,96361.27372162421,96321.83745439533,96385.21560449195,96450.5419060515,96319.88930293241,96386.13784205416,96376.01132067911,10.126521375044831,13.918881946198415,-0.000525018483661599,-0.0005647010233441386,-0.06135089483156295,96441.011239727,-0.0007667614268061209,0.0005100016482643454
2026-01-07,96407.9300443666,95283.31447864456,97485.18370928292,48.14093388667014,96361.83861499402,96322.406538094,96389.18374723315,96449.46855667468,96328.89893779163,96389.49048856375,96378.37567058188,11.114817981870146,13.358069153332762,0.0004240665879748917,0.00038438404829235204,-0.06135089483156295,96441.011239727,-0.00034301999673321237,0.0005038454938857994
2026-01-08,96342.5903739834,95238.76646779756,97415.02596571362,47.32912350431321,96360.13705375866,96322.77113114875,96387.94516182574,96451.06877017334,96324.82155347815,96382.27508632063,96375.72490787088,6.550178449746454,11.996491012615502,-0.0006777416583172435,-0.0007174241979997832,-0.06135089483156295,96441.011239727,-0.0010205291761089818,0.0005091862262368811
2026-01-09,96369.04878311596,95356.02926625876,97394.95323153202,46.55478359164368,96360.1576833882,96322.94210217652,96389.29165989388,96449.37504180579,96329.20827798196,96380.24027044298,96375.23038011127,5.009890331712086,10.599170876434819,0.00027462837598446477,0.00023494583630192509,-0.06135089483156295,96441.011239727,-0.0007461810663947059,0.0005078026842816957
2026-01-10,96332.13453376098,95226.42165445644,97378.92329193438,46.01125243848512,96358.82931111135,96323.35749829582,96388.77983354389,96450.6927024296,96326.86696465817,96372.83938787652,96372.03809519643,0.8012926800874993,8.639595237165356,-0.00038305088429435585,-0.00042273342397689554,-0.06135089483156295,96441.011239727,-0.0011289461253716831,0.0005076864283689335
2026-01-11,96321.75032199518,95293.9310211854,97373.86041117384,45.62695957395147,96357.98519652413,96323.37618611174,96384.04527574437,96451.3031204114,96316.78743107735,96364.97953158707,96368.31307495931,-3.333543372238637,6.244967515284557,-0.00010779592724763365,-0.00014747846693017333,-0.06135089483156295,96441.011239727,-0.001236620356824872,0.000507361912916858
2026-01-12,96386.56210461972,95298.70353213546,97434.9724296145,45.363652719387765,96358.636075914,96324.39704734324,96384.49649692685,96451.69157437138,96317.30141948232,96368.29992743825,96369.66485493416,-1.3649274959170725,4.722988513044231,0.0006728675756813018,0.0006331850359987622,-0.06135089483156295,96441.011239727,-0.0005645848628850755,0.0005142168818491193
2026-01-13,96340.08492714736,95328.4306005893,97387.80328352725,45.314657337562195,96357.09102110722,96325.056499568,96380.03176559732,96446.53276642926,96313.53076476538,96363.95915816272,96367.47374917218,-3.514591009457945,3.075472608543796,-0.0004821956137611716,-0.0005218781534437112,-0.06135089483156295,96441.011239727,-0.0010465082363017339,0.0005077828419521201
2026-01-14,96386.3010387192,95326.6260335787,97410.46351071593,45.466445395348586,96357.46887929966,96325.54524998768,96380.65007009226,96447.14234329914,96314.15779688538,96367.39637055602,96368.86836321269,-1.4719926566758659,2.1659795554998635,0.0004797184018137113,0.0004400358621311716,-0.06135089483156295,96441.011239727,-0.0005672918637466281,0.0005166164086954515
2026-01-15,96327.3874607902,95241.13111171016,97352.23334828306,45.7696587266273,96355.8518603539,96325.94142180108,96376.57469453025,96445.71644629577,96307.43294276473,96361.24115366898,96365.79570377398,-4.554550105007365,0.8218736233984179,-0.000611223558681262,-0.0006509060983638016,-0.06135089483156295,96441.011239727,-0.0011781686802761074,0.0005031951994923916
2026-01-16,96361.18450012748,95314.11004873391,97491.41155234489,46.32934195955992,96356.23392631937,96326.26214625462,96375.69332051431,96445.16361702043,96306.2230240082,96361.23243773951,96365.4541331335,-4.221695393993286,-0.18684018007992298,0.0003508559738634176,0.0003111734341808779,-0.06135089483156295,96441.011239727,-0.0008277260739323078,0.0005114525078302247
2026-01-17,96332.3285354584,95283.604367095,97380.8941639176,46.97843749548609,96355.54247584719,96326.94917638598,96373.64195281883,96445.7748108973,96301.50909474035,96356.7856835424,96363.00038515757,-6.214701615172089,-1.3924124670983562,-0.000299456309288626,-0.00033913884897116567,-0.06135089483156295,96441.011239727,-0.001126934515425692,0.0005022250871540162
2026-01-18,96330.50484290118,95156.6793340863,97363.5093700562,47.80168229026987,96355.60246531415,96327.36232238647,96368.11663297753,96435.27953786394,96300.95372809112,96352.74247728991,96360.59330795339,-7.85083066347579,-2.6840961063738433,-1.8931262068866417e-05,-5.86138017514061e-05,-0.06135089483156295,96441.011239727,-0.0011458444432019526,0.0005001533403656673
2026-01-19,96404.14303619898,95293.43196131832,97551.30382780386,48.8427939752889,96357.40944438017,96328.8985019494,96368.56533695615,96436.60342508914,96300.52724882316,96360.6502555836,96363.81921374936,-3.168958165755612,-2.781068518250197,0.0007644327559364061,0.0007247502162538665,-0.06135089483156295,96441.011239727,-0.0003822876082912179,0.0005210457104456837
2026-01-20,96366.50912800652,95306.93393725816,97422.86915978193,49.95150889652842,96357.25061125465,96330.18918212393,96364.90334839374,96424.12201023509,96305.68468655238,96361.55162057176,96364.01846665729,-2.46684608553187,-2.718224031706532,-0.0003903764610855287,-0.0004300590007680684,-0.06135089483156295,96441.011239727,-0.0007725148332930847,0.0005070835705102491
2026-01-21,96421.3303361249,95404.80721831636,97489.84718875751,51.14320339777055,96359.21663351712,96331.41712515958,96367.12335410537,96431.35701936444,96302.88968884629,96370.74834604148,96368.26379032157,2.484555719915079,-1.6776680813822098,0.0005688823701763823,0.0005291998304938427,-0.06135089483156295,96441.011239727,-0.00020407193318596473,0.0005209219244159376
2026-01-22,96370.52962474474,95235.14474865848,97462.05323509833,52.4441811469415,96359.35579518521,96332.64958086614,96365.41878871938,96427.22621674972,96303.61136068904,96370.7146966112,96368.43162990846,2.2830667027446907,-0.8855211245568297,-0.0005268617556205557,-0.0005665442953030953,-0.06135089483156295,96441.011239727,-0.0007308261711095025,0.0005037115950947945
2026-01-23,96411.70128405484,95333.17765102407,97465.41349146736,53.63768108170641,96361.62311387388,96333.89001971263,96367.6243569014,96432.81366212736,96302.43505167545,96377.02032544868,96371.63678947487,5.383535973815015,0.3682902951175391,0.0004272225074450908,0.00038753996776255114,-0.06135089483156295,96441.011239727,-0.0003039158890536764,0.000511721188269045
2026-01-24,96389.25068497963,95251.29278857556,97397.6297669586,54.99445322024629,96362.90290488234,96335.56396195125,96369.30103062978,96434.92437280725,96303.67768845231,96378.90191922267,96372.94152247523,5.960396747439518,1.4867115855819348,-0.00023286176653036783,-0.0002725443062129075,-0.06135089483156295,96441.011239727,-0.00053670688519329,0.0005041628236647339
2026-01-25,96392.6537814618,95218.27524873824,97406.5962550256,56.27670072172979,96364.97391361311,96337.01270003045,96368.04946674516,96430.67368930798,96305.42524418233,96381.01759033639,96374.40168980756,6.61590052882093,2.5125493742297342,3.5305767582816117e-05,-4.376772099723566e-06,-0.06135089483156295,96441.011239727,-0.0005014200664589545,0.0005027230230862166
2026-01-26,96470.15874874272,95390.39594524867,97514.33841475836,57.23770559302416,96368.78346954167,96339.6127030651,96373.20420456499,96450.69434086847,96295.7140682615,96394.73161470659,96381.49480528424,13.236809422349324,4.657401383853653,0.0008040547099847917,0.000764372170302252,-0.06135089483156295,96470.15874874272,0.0,0.0005116956645338719
2026-01-27,96434.8835867431,95318.07385061732,97447.58759455592,58.36991642402535,96370.56973902225,96341.97347340338,96374.55188168382,96455.4476084322,96293.65615493544,96400.90884117373,96385.44952983675,15.459311336977407,6.817783374478404,-0.0003656587949801837,-0.0004053413346627234,-0.06135089483156295,96470.15874874272,-0.0003656587949801855,0.0005078352473111673
2026-01-28,96490.44565069658,95416.63258729372,97554.74160411804,59.045798527212305,96374.37479201624,96344.25475951187,96381.94464551947,96476.42531127561,96287.46397976333,96414.68373494648,96393.22702027082,21.456714675659896,9.745569634714702,0.0005761614665453774,0.0005364789268628377,-0.06135089483156295,96490.44565069658,0.0,0.0005089581443487447
2026-01-29,96438.69995744494,95352.97392819524,97542.37031549086,59.79029354399567,96376.20001072052,96346.5002578165,96385.42720423592,96482.99081891462,96287.86358955722,96418.37853840778,96396.59538598741,21.783152420364786,12.15308619184472,-0.0005362778967666904,-0.00057596043644923,-0.06135089483156295,96490.44565069658,-0.0005362778967666894,0.0005109074118672227
2026-01-30,96477.21745333428,95407.61280159366,97521.459615128,60.12142876762232,96379.95645014447,96348.68988641218,96392.68135021458,96495.01878817995,96290.34391224921,96427.4306791657,96402.56739097608,24.863288189619198,14.695126591399616,0.0003993987466268667,0.000359716206944327,-0.06135089483156295,96490.44565069658,-0.0001370933388595821,0.0005080478839666321
2026-01-31,96450.42629084107,95320.91740187487,97512.67847710656,60.338781677575945,96382.48859352426,96351.22617344347,96399.11514865689,96498.82199306122,96299.40830425255,96430.96846557729,96406.11249466978,24.855970907505252,16.727295454620744,-0.00027769418729517437,-0.00031737672697771405,-0.06135089483156295,96490.44565069658,-0.0004147494561314244,0.0005131585367809492
2026-02-01,96447.87162731284,95285.9195440748,97520.83481104138,60.261656014798724,96385.54059082258,96353.42854405122,96402.18062479154,96504.00977253453,96300.35147704855,96433.56895199814,96409.20576375445,24.363188243689365,18.25447401243447,-2.6486803910374945e-05,-6.616934359291463e-05,-0.06135089483156295,96490.44565069658,-0.00044122527465427833,0.0005148002422995662
2026-02-02,96517.91630784994,95448.53082358236,97566.29094664524,60.01036970858767,96390.03140210494,96356.65328071982,96411.07219382668,96520.81951652448,96301.32487112888,96446.54546828303,96417.2583966504,29.287071632628795,20.46099353647334,0.0007262439217712302,0.0006865613820886906,-0.06135089483156295,96517.91630784994,0.0,0.0004971463324020117
2026-02-03,96473.8362687637,95395.23219040368,97494.98345645342,59.33728969977567,96392.17789428722,96359.49191291239,96415.44895532889,96527.9832575981,96302.91465305968,96450.74405297237,96421.44935014029,29.294702832077746,22.227735395594223,-0.0004567031777359398,-0.0004963857174184795,-0.06135089483156295,96517.91630784994,-0.00045670317773589597,0.0005114535287370662
2026-02-04,96519.44666503924,95517.63735182534,97556.50974084884,58.67499373622433,96396.00858102905,96362.08892620959,96425.05191554133,96538.71829120844,96311.38553987423,96461.31368559804,96428.70841050318,32.60527509485837,24.303243335447057,0.0004727747754165179,0.00043309223573397823,-0.06135089483156295,96519.44666503924,0.0,0.0004952252007431275
2026-02-05,96456.83564475684,95456.80942414294,97598.98246982608,57.47467751528199,96397.51951267842,96364.47591009681,96429.83447277281,96540.18693695245,96319.48200859317,96460.62475623786,96430.79190933678,29.832846901073935,25.409164048572435,-0.0006486881394968114,-0.000688370679179351,-0.06135089483156295,96519.44666503924,-0.0006486881394968077,0.0005184207826928642
2026-02-06,96483.83706255157,95398.78435405614,97567.98735135332,56.40464029597793,96400.6249101386,96366.62421470237,96437.40989912747,96540.11545206215,96334.70434619278,96464.19588028612,96434.72117994529,29.47470034082653,26.222271307023256,0.0002799326518876377,0.00024025011220509804,-0.06135089483156295,96519.44666503924,-0.00036893707660026883,0.000505933227345334
2026-02-07,96445.1653144775,95425.35624258104,97516.845053109,54.82543809635042,96402.18097478553,96368.93164791507,96443.14292270629,96532.67874276632,96353.60710264626,96461.26810093095,96435.49481954027,25.773281390676857,26.132473323753977,-0.00040081063576469234,-0.000440493175447232,-0.06135089483156295,96519.44666503924,-0.000769599838460777,0.0005195544234111964
2026-02-08,96430.66796863113,95348.32826873356,97467.6193321588,53.21898870227953,96403.95195772308,96370.71698696817,96444.46916932789,96532.3430075162,96356.59533113957,96456.56038826944,96435.13727502848,21.423113240962266,25.190601307195635,-0.00015031697855572013,-0.0001899995182382598,-0.06135089483156295,96519.44666503924,-0.0009198011330940825,0.0005224019278818569
